scans,query,obs.mass,GlycanMass,MonoisotopicY1mass,MonoisotopicPeptideMass,scan.time,precursorMZ,exact.mass,charge,peptideSequence,sequence,specificity,analysis,q.value,table2Sequence,n.sequence,title,modification
8248,1,2261.886072,1170,1294.53471107,1091.45533807,36.744,754.9693,2261.872,3,NQSCPSAESL,NQSCPSAESL,2,glycoMod,0,NQSCPSAESL,nQSCPSAESL,ljz_20131022_MR_Chym1_ELUTE.mzML.binary.sn8248.txt,010000000000
8186,3,2261.883048,1170,1294.53471107,1091.45533807,36.5656666666667,1131.9488,2261.872,2,NQSCPSAESL,NQSCPSAESL,2,glycoMod,0,NQSCPSAESL,nQSCPSAESL,ljz_20131022_MR_Chym1_ELUTE.mzML.binary.sn8186.txt,010000000000
8313,4,2261.885448,1170,1294.53471107,1091.45533807,36.9215,1131.95,2261.872,2,NQSCPSAESL,NQSCPSAESL,2,glycoMod,0,NQSCPSAESL,nQSCPSAESL,ljz_20131022_MR_Chym1_ELUTE.mzML.binary.sn8313.txt,010000000000
8234,6,2099.832072,1008,1294.53471107,1091.45533807,36.7073333333333,700.9513,2099.82,3,NQSCPSAESL,NQSCPSAESL,2,glycoMod,0,NQSCPSAESL,nQSCPSAESL,ljz_20131022_MR_Chym1_ELUTE.mzML.binary.sn8234.txt,010000000000
8331,7,2099.831848,1008,1294.53471107,1091.45533807,36.9693333333333,1050.9232,2099.82,2,NQSCPSAESL,NQSCPSAESL,2,glycoMod,0,NQSCPSAESL,nQSCPSAESL,ljz_20131022_MR_Chym1_ELUTE.mzML.binary.sn8331.txt,010000000000
8461,9,2099.822448,1008,1294.53471107,1091.45533807,37.3466666666667,1050.9185,2099.82,2,NQSCPSAESL,NQSCPSAESL,2,glycoMod,0,NQSCPSAESL,nQSCPSAESL,ljz_20131022_MR_Chym1_ELUTE.mzML.binary.sn8461.txt,010000000000
8283,10,2129.847972,1038,1294.53471107,1091.45533807,36.8385,710.9566,2129.83,3,NQSCPSAESL,NQSCPSAESL,2,glycoMod,0,NQSCPSAESL,nQSCPSAESL,ljz_20131022_MR_Chym1_ELUTE.mzML.binary.sn8283.txt,010000000000
8365,13,2099.832672,1008,1294.53471107,1091.45533807,37.0623333333333,700.9515,2099.82,3,NQSCPSAESL,NQSCPSAESL,2,glycoMod,0,NQSCPSAESL,nQSCPSAESL,ljz_20131022_MR_Chym1_ELUTE.mzML.binary.sn8365.txt,010000000000
12064,34,2352.080772,1170,1384.73104283,1181.65166983,48.1783333333333,785.0342,2352.069,3,ANNSGIAPGLIR,ANNSGIAPGLIR,1,glycoMod,0,ANNSGIAPGLIR,AnNSGIAPGLIR,ljz_20131022_MR_Chym1_ELUTE.mzML.binary.sn12064.txt,00100000000000
9722,39,2409.098448,1227,1384.73104283,1181.65166983,41.2578333333333,1205.5565,2409.091,2,ANNSGIAPGLIR,ANNSGIAPGLIR,1,glycoMod,0,ANNSGIAPGLIR,AnNSGIAPGLIR,ljz_20131022_MR_Chym1_ELUTE.mzML.binary.sn9722.txt,00100000000000
9827,45,2190.028248,1008,1384.73104283,1181.65166983,41.5853333333333,1096.0214,2190.017,2,ANNSGIAPGLIR,ANNSGIAPGLIR,1,glycoMod,0,ANNSGIAPGLIR,AnNSGIAPGLIR,ljz_20131022_MR_Chym1_ELUTE.mzML.binary.sn9827.txt,00100000000000
11172,47,3046.305696,1864,1384.73104283,1181.65166983,45.5366666666667,762.5837,3046.286,4,ANNSGIAPGLIR,ANNSGIAPGLIR,1,glycoMod,0,ANNSGIAPGLIR,AnNSGIAPGLIR,ljz_20131022_MR_Chym1_ELUTE.mzML.binary.sn11172.txt,00100000000000
9847,56,2190.027672,1008,1384.73104283,1181.65166983,41.645,731.0165,2190.017,3,ANNSGIAPGLIR,ANNSGIAPGLIR,1,glycoMod,0,ANNSGIAPGLIR,AnNSGIAPGLIR,ljz_20131022_MR_Chym1_ELUTE.mzML.binary.sn9847.txt,00100000000000
11182,58,3046.303872,1864,1384.73104283,1181.65166983,45.5723333333333,1016.4419,3046.286,3,ANNSGIAPGLIR,ANNSGIAPGLIR,1,glycoMod,0,ANNSGIAPGLIR,AnNSGIAPGLIR,ljz_20131022_MR_Chym1_ELUTE.mzML.binary.sn11182.txt,00100000000000
9729,59,2409.099672,1227,1384.73104283,1181.65166983,41.2808333333333,804.0405,2409.091,3,ANNSGIAPGLIR,ANNSGIAPGLIR,1,glycoMod,0,ANNSGIAPGLIR,AnNSGIAPGLIR,ljz_20131022_MR_Chym1_ELUTE.mzML.binary.sn9729.txt,00100000000000
9837,62,2409.099248,1227,1384.73104283,1181.65166983,41.6178333333333,1205.5569,2409.091,2,ANNSGIAPGLIR,ANNSGIAPGLIR,1,glycoMod,0,ANNSGIAPGLIR,AnNSGIAPGLIR,ljz_20131022_MR_Chym1_ELUTE.mzML.binary.sn9837.txt,00100000000000
9703,63,2352.078648,1170,1384.73104283,1181.65166983,41.2018333333333,1177.0466,2352.069,2,ANNSGIAPGLIR,ANNSGIAPGLIR,1,glycoMod,0,ANNSGIAPGLIR,AnNSGIAPGLIR,ljz_20131022_MR_Chym1_ELUTE.mzML.binary.sn9703.txt,00100000000000
9731,68,2190.021672,1008,1384.73104283,1181.65166983,41.2858333333333,731.0145,2190.017,3,ANNSGIAPGLIR,ANNSGIAPGLIR,1,glycoMod,0,ANNSGIAPGLIR,AnNSGIAPGLIR,ljz_20131022_MR_Chym1_ELUTE.mzML.binary.sn9731.txt,00100000000000
9830,72,2206.021248,1024,1384.73104283,1181.65166983,41.5961666666667,1104.0179,2206.012,2,ANNSGIAPGLIR,ANNSGIAPGLIR,1,glycoMod,0,ANNSGIAPGLIR,AnNSGIAPGLIR,ljz_20131022_MR_Chym1_ELUTE.mzML.binary.sn9830.txt,00100000000000
9812,77,2352.079248,1170,1384.73104283,1181.65166983,41.546,1177.0469,2352.069,2,ANNSGIAPGLIR,ANNSGIAPGLIR,1,glycoMod,0,ANNSGIAPGLIR,AnNSGIAPGLIR,ljz_20131022_MR_Chym1_ELUTE.mzML.binary.sn9812.txt,00100000000000
9238,78,2676.172572,1494,1384.73104283,1181.65166983,39.774,893.0648,2676.175,3,ANNSGIAPGLIR,ANNSGIAPGLIR,1,glycoMod,0,ANNSGIAPGLIR,AnNSGIAPGLIR,ljz_20131022_MR_Chym1_ELUTE.mzML.binary.sn9238.txt,00100000000000
9780,80,2220.024372,1038,1384.73104283,1181.65166983,41.4426666666667,741.0154,2220.027,3,ANNSGIAPGLIR,ANNSGIAPGLIR,1,glycoMod,0,ANNSGIAPGLIR,AnNSGIAPGLIR,ljz_20131022_MR_Chym1_ELUTE.mzML.binary.sn9780.txt,00100000000000
9807,81,2352.078972,1170,1384.73104283,1181.65166983,41.5316666666667,785.0336,2352.069,3,ANNSGIAPGLIR,ANNSGIAPGLIR,1,glycoMod,0,ANNSGIAPGLIR,AnNSGIAPGLIR,ljz_20131022_MR_Chym1_ELUTE.mzML.binary.sn9807.txt,00100000000000
9698,82,2352.080772,1170,1384.73104283,1181.65166983,41.1863333333333,785.0342,2352.069,3,ANNSGIAPGLIR,ANNSGIAPGLIR,1,glycoMod,0,ANNSGIAPGLIR,AnNSGIAPGLIR,ljz_20131022_MR_Chym1_ELUTE.mzML.binary.sn9698.txt,00100000000000
9860,85,2206.019772,1024,1384.73104283,1181.65166983,41.678,736.3472,2206.012,3,ANNSGIAPGLIR,ANNSGIAPGLIR,1,glycoMod,0,ANNSGIAPGLIR,AnNSGIAPGLIR,ljz_20131022_MR_Chym1_ELUTE.mzML.binary.sn9860.txt,00100000000000
9943,86,2352.082648,1170,1384.73104283,1181.65166983,41.9085,1177.0486,2352.069,2,ANNSGIAPGLIR,ANNSGIAPGLIR,1,glycoMod,0,ANNSGIAPGLIR,AnNSGIAPGLIR,ljz_20131022_MR_Chym1_ELUTE.mzML.binary.sn9943.txt,00100000000000
9932,87,2352.081672,1170,1384.73104283,1181.65166983,41.8773333333333,785.0345,2352.069,3,ANNSGIAPGLIR,ANNSGIAPGLIR,1,glycoMod,0,ANNSGIAPGLIR,AnNSGIAPGLIR,ljz_20131022_MR_Chym1_ELUTE.mzML.binary.sn9932.txt,00100000000000
10881,100,2518.080672,1257,1463.69913358,1260.61976058,44.6671666666667,840.3675,2518.069,3,TSDQALVTEANL,TSDQALVTEANL,2,glycoMod,0,TSDQALVTEANL,TSDQALVTEAnL,ljz_20131022_MR_Chym1_ELUTE.mzML.binary.sn10881.txt,00000000000000
11552,112,2431.052172,1170,1463.69913358,1260.61976058,46.6395,811.358,2431.037,3,TSDQALVTEANL,TSDQALVTEANL,2,glycoMod,0,TSDQALVTEANL,TSDQALVTEAnL,ljz_20131022_MR_Chym1_ELUTE.mzML.binary.sn11552.txt,00000000000000
11539,118,2431.053648,1170,1463.69913358,1260.61976058,46.5998333333333,1216.5341,2431.037,2,TSDQALVTEANL,TSDQALVTEANL,2,glycoMod,0,TSDQALVTEANL,TSDQALVTEAnL,ljz_20131022_MR_Chym1_ELUTE.mzML.binary.sn11539.txt,00000000000000
5090,121,2539.085296,1186,1555.74129022,1352.66191722,26.835,635.7786,2539.074,4,RTKCPSNSTRF,RTKCPSNSTRF,2,glycoMod,0,RTKCPSNSTRF,RTKCPSnSTRF,ljz_20131022_MR_Chym1_ELUTE.mzML.binary.sn5090.txt,0000000100000
6485,122,2523.094096,1170,1555.74129022,1352.66191722,31.4471666666667,631.7808,2523.079,4,RTKCPSNSTRF,RTKCPSNSTRF,2,glycoMod,0,RTKCPSNSTRF,RTKCPSnSTRF,ljz_20131022_MR_Chym1_ELUTE.mzML.binary.sn6485.txt,0000000100000
5691,123,2580.110896,1227,1555.74129022,1352.66191722,28.9795,646.035,2580.101,4,RTKCPSNSTRF,RTKCPSNSTRF,2,glycoMod,0,RTKCPSNSTRF,RTKCPSnSTRF,ljz_20131022_MR_Chym1_ELUTE.mzML.binary.sn5691.txt,0000000100000
5463,124,2539.076896,1186,1555.74129022,1352.66191722,28.2563333333333,635.7765,2539.074,4,RTKCPSNSTRF,RTKCPSNSTRF,2,glycoMod,0,RTKCPSNSTRF,RTKCPSnSTRF,ljz_20131022_MR_Chym1_ELUTE.mzML.binary.sn5463.txt,0000000100000
5368,125,2523.092096,1170,1555.74129022,1352.66191722,27.9653333333333,631.7803,2523.079,4,RTKCPSNSTRF,RTKCPSNSTRF,2,glycoMod,0,RTKCPSNSTRF,RTKCPSnSTRF,ljz_20131022_MR_Chym1_ELUTE.mzML.binary.sn5368.txt,0000000100000
5684,129,2377.034172,1024,1555.74129022,1352.66191722,28.96,793.352,2377.022,3,RTKCPSNSTRF,RTKCPSNSTRF,2,glycoMod,0,RTKCPSNSTRF,RTKCPSnSTRF,ljz_20131022_MR_Chym1_ELUTE.mzML.binary.sn5684.txt,0000000100000
5703,130,2523.092496,1170,1555.74129022,1352.66191722,29.0171666666667,631.7804,2523.079,4,RTKCPSNSTRF,RTKCPSNSTRF,2,glycoMod,0,RTKCPSNSTRF,RTKCPSnSTRF,ljz_20131022_MR_Chym1_ELUTE.mzML.binary.sn5703.txt,0000000100000
6601,131,2523.093696,1170,1555.74129022,1352.66191722,31.789,631.7807,2523.079,4,RTKCPSNSTRF,RTKCPSNSTRF,2,glycoMod,0,RTKCPSNSTRF,RTKCPSnSTRF,ljz_20131022_MR_Chym1_ELUTE.mzML.binary.sn6601.txt,0000000100000
5465,135,2685.142048,1332,1555.74129022,1352.66191722,28.2616666666667,1343.5783,2685.132,2,RTKCPSNSTRF,RTKCPSNSTRF,2,glycoMod,0,RTKCPSNSTRF,RTKCPSnSTRF,ljz_20131022_MR_Chym1_ELUTE.mzML.binary.sn5465.txt,0000000100000
5443,137,3050.278096,1697,1555.74129022,1352.66191722,28.2085,763.5768,3050.264,4,RTKCPSNSTRF,RTKCPSNSTRF,2,glycoMod,0,RTKCPSNSTRF,RTKCPSnSTRF,ljz_20131022_MR_Chym1_ELUTE.mzML.binary.sn5443.txt,0000000100000
6937,139,2523.084372,1170,1555.74129022,1352.66191722,32.784,842.0354,2523.079,3,RTKCPSNSTRF,RTKCPSNSTRF,2,glycoMod,0,RTKCPSNSTRF,RTKCPSnSTRF,ljz_20131022_MR_Chym1_ELUTE.mzML.binary.sn6937.txt,0000000100000
6805,140,2523.095696,1170,1555.74129022,1352.66191722,32.3748333333333,631.7812,2523.079,4,RTKCPSNSTRF,RTKCPSNSTRF,2,glycoMod,0,RTKCPSNSTRF,RTKCPSnSTRF,ljz_20131022_MR_Chym1_ELUTE.mzML.binary.sn6805.txt,0000000100000
5581,141,2523.091696,1170,1555.74129022,1352.66191722,28.6486666666667,631.7802,2523.079,4,RTKCPSNSTRF,RTKCPSNSTRF,2,glycoMod,0,RTKCPSNSTRF,RTKCPSnSTRF,ljz_20131022_MR_Chym1_ELUTE.mzML.binary.sn5581.txt,0000000100000
5461,142,2361.036496,1008,1555.74129022,1352.66191722,28.2538333333333,591.2664,2361.027,4,RTKCPSNSTRF,RTKCPSNSTRF,2,glycoMod,0,RTKCPSNSTRF,RTKCPSnSTRF,ljz_20131022_MR_Chym1_ELUTE.mzML.binary.sn5461.txt,0000000100000
5470,144,2580.108096,1227,1555.74129022,1352.66191722,28.2753333333333,646.0343,2580.101,4,RTKCPSNSTRF,RTKCPSNSTRF,2,glycoMod,0,RTKCPSNSTRF,RTKCPSnSTRF,ljz_20131022_MR_Chym1_ELUTE.mzML.binary.sn5470.txt,0000000100000
5499,145,2523.087448,1170,1555.74129022,1352.66191722,28.3708333333333,1262.551,2523.079,2,RTKCPSNSTRF,RTKCPSNSTRF,2,glycoMod,0,RTKCPSNSTRF,RTKCPSnSTRF,ljz_20131022_MR_Chym1_ELUTE.mzML.binary.sn5499.txt,0000000100000
5458,149,2742.164496,1389,1555.74129022,1352.66191722,28.2486666666667,686.5484,2742.154,4,RTKCPSNSTRF,RTKCPSNSTRF,2,glycoMod,0,RTKCPSNSTRF,RTKCPSnSTRF,ljz_20131022_MR_Chym1_ELUTE.mzML.binary.sn5458.txt,0000000100000
5117,150,2539.083372,1186,1555.74129022,1352.66191722,26.9608333333333,847.3684,2539.074,3,RTKCPSNSTRF,RTKCPSNSTRF,2,glycoMod,0,RTKCPSNSTRF,RTKCPSnSTRF,ljz_20131022_MR_Chym1_ELUTE.mzML.binary.sn5117.txt,0000000100000
5013,151,2539.085696,1186,1555.74129022,1352.66191722,26.4996666666667,635.7787,2539.074,4,RTKCPSNSTRF,RTKCPSNSTRF,2,glycoMod,0,RTKCPSNSTRF,RTKCPSnSTRF,ljz_20131022_MR_Chym1_ELUTE.mzML.binary.sn5013.txt,0000000100000
5618,152,2523.090372,1170,1555.74129022,1352.66191722,28.7495,842.0374,2523.079,3,RTKCPSNSTRF,RTKCPSNSTRF,2,glycoMod,0,RTKCPSNSTRF,RTKCPSnSTRF,ljz_20131022_MR_Chym1_ELUTE.mzML.binary.sn5618.txt,0000000100000
5718,153,1758.830896,406,1555.74129022,1352.66191722,29.0668333333333,440.715,1758.821,4,RTKCPSNSTRF,RTKCPSNSTRF,2,glycoMod,0,RTKCPSNSTRF,RTKCPSnSTRF,ljz_20131022_MR_Chym1_ELUTE.mzML.binary.sn5718.txt,0000000100000
6917,154,2523.095696,1170,1555.74129022,1352.66191722,32.7251666666667,631.7812,2523.079,4,RTKCPSNSTRF,RTKCPSNSTRF,2,glycoMod,0,RTKCPSNSTRF,RTKCPSnSTRF,ljz_20131022_MR_Chym1_ELUTE.mzML.binary.sn6917.txt,0000000100000
5480,155,2523.101296,1170,1555.74129022,1352.66191722,28.3098333333333,631.7826,2523.079,4,RTKCPSNSTRF,RTKCPSNSTRF,2,glycoMod,0,RTKCPSNSTRF,RTKCPSnSTRF,ljz_20131022_MR_Chym1_ELUTE.mzML.binary.sn5480.txt,0000000100000
5725,156,2594.103672,1241,1555.74129022,1352.66191722,29.085,865.7085,2594.117,3,RTKCPSNSTRF,RTKCPSNSTRF,2,glycoMod,0,RTKCPSNSTRF,RTKCPSnSTRF,ljz_20131022_MR_Chym1_ELUTE.mzML.binary.sn5725.txt,0000000100000
5672,157,1555.748772,203,1555.74129022,1352.66191722,28.918,519.5902,1555.741,3,RTKCPSNSTRF,RTKCPSNSTRF,2,glycoMod,0,RTKCPSNSTRF,RTKCPSnSTRF,ljz_20131022_MR_Chym1_ELUTE.mzML.binary.sn5672.txt,0000000100000
5716,158,1758.829872,406,1555.74129022,1352.66191722,29.0618333333333,587.2839,1758.821,3,RTKCPSNSTRF,RTKCPSNSTRF,2,glycoMod,0,RTKCPSNSTRF,RTKCPSnSTRF,ljz_20131022_MR_Chym1_ELUTE.mzML.binary.sn5716.txt,0000000100000
5459,159,2082.935772,730,1555.74129022,1352.66191722,28.2513333333333,695.3192,2082.926,3,RTKCPSNSTRF,RTKCPSNSTRF,2,glycoMod,0,RTKCPSNSTRF,RTKCPSnSTRF,ljz_20131022_MR_Chym1_ELUTE.mzML.binary.sn5459.txt,0000000100000
5464,160,2198.981472,846,1555.74129022,1352.66191722,28.259,734.0011,2198.974,3,RTKCPSNSTRF,RTKCPSNSTRF,2,glycoMod,0,RTKCPSNSTRF,RTKCPSnSTRF,ljz_20131022_MR_Chym1_ELUTE.mzML.binary.sn5464.txt,0000000100000
6360,161,2523.097296,1170,1555.74129022,1352.66191722,31.0888333333333,631.7816,2523.079,4,RTKCPSNSTRF,RTKCPSNSTRF,2,glycoMod,0,RTKCPSNSTRF,RTKCPSnSTRF,ljz_20131022_MR_Chym1_ELUTE.mzML.binary.sn6360.txt,0000000100000
5485,163,2685.140896,1332,1555.74129022,1352.66191722,28.3261666666667,672.2925,2685.132,4,RTKCPSNSTRF,RTKCPSNSTRF,2,glycoMod,0,RTKCPSNSTRF,RTKCPSnSTRF,ljz_20131022_MR_Chym1_ELUTE.mzML.binary.sn5485.txt,0000000100000
5454,164,2377.029072,1024,1555.74129022,1352.66191722,28.2375,793.3503,2377.022,3,RTKCPSNSTRF,RTKCPSNSTRF,2,glycoMod,0,RTKCPSNSTRF,RTKCPSnSTRF,ljz_20131022_MR_Chym1_ELUTE.mzML.binary.sn5454.txt,0000000100000
5493,167,2580.120048,1227,1555.74129022,1352.66191722,28.353,1291.0673,2580.101,2,RTKCPSNSTRF,RTKCPSNSTRF,2,glycoMod,0,RTKCPSNSTRF,RTKCPSnSTRF,ljz_20131022_MR_Chym1_ELUTE.mzML.binary.sn5493.txt,0000000100000
6105,168,2523.092496,1170,1555.74129022,1352.66191722,30.2595,631.7804,2523.079,4,RTKCPSNSTRF,RTKCPSNSTRF,2,glycoMod,0,RTKCPSNSTRF,RTKCPSnSTRF,ljz_20131022_MR_Chym1_ELUTE.mzML.binary.sn6105.txt,0000000100000
5575,169,2580.111696,1227,1555.74129022,1352.66191722,28.6305,646.0352,2580.101,4,RTKCPSNSTRF,RTKCPSNSTRF,2,glycoMod,0,RTKCPSNSTRF,RTKCPSnSTRF,ljz_20131022_MR_Chym1_ELUTE.mzML.binary.sn5575.txt,0000000100000
6720,170,2594.091972,1241,1555.74129022,1352.66191722,32.1328333333333,865.7046,2594.117,3,RTKCPSNSTRF,RTKCPSNSTRF,2,glycoMod,0,RTKCPSNSTRF,RTKCPSnSTRF,ljz_20131022_MR_Chym1_ELUTE.mzML.binary.sn6720.txt,0000000100000
5473,171,1758.826272,406,1555.74129022,1352.66191722,28.2843333333333,587.2827,1758.821,3,RTKCPSNSTRF,RTKCPSNSTRF,2,glycoMod,0,RTKCPSNSTRF,RTKCPSnSTRF,ljz_20131022_MR_Chym1_ELUTE.mzML.binary.sn5473.txt,0000000100000
5506,172,2523.084972,1170,1555.74129022,1352.66191722,28.4006666666667,842.0356,2523.079,3,RTKCPSNSTRF,RTKCPSNSTRF,2,glycoMod,0,RTKCPSNSTRF,RTKCPSnSTRF,ljz_20131022_MR_Chym1_ELUTE.mzML.binary.sn5506.txt,0000000100000
5600,174,2539.087696,1186,1555.74129022,1352.66191722,28.7033333333333,635.7792,2539.074,4,RTKCPSNSTRF,RTKCPSNSTRF,2,glycoMod,0,RTKCPSNSTRF,RTKCPSnSTRF,ljz_20131022_MR_Chym1_ELUTE.mzML.binary.sn5600.txt,0000000100000
5172,176,2539.087696,1186,1555.74129022,1352.66191722,27.1786666666667,635.7792,2539.074,4,RTKCPSNSTRF,RTKCPSNSTRF,2,glycoMod,0,RTKCPSNSTRF,RTKCPSnSTRF,ljz_20131022_MR_Chym1_ELUTE.mzML.binary.sn5172.txt,0000000100000
5472,177,2391.045296,1038,1555.74129022,1352.66191722,28.2818333333333,598.7686,2391.037,4,RTKCPSNSTRF,RTKCPSNSTRF,2,glycoMod,0,RTKCPSNSTRF,RTKCPSnSTRF,ljz_20131022_MR_Chym1_ELUTE.mzML.binary.sn5472.txt,0000000100000
4865,179,2539.085296,1186,1555.74129022,1352.66191722,25.8076666666667,635.7786,2539.074,4,RTKCPSNSTRF,RTKCPSNSTRF,2,glycoMod,0,RTKCPSNSTRF,RTKCPSnSTRF,ljz_20131022_MR_Chym1_ELUTE.mzML.binary.sn4865.txt,0000000100000
5446,180,3253.360496,1900,1555.74129022,1352.66191722,28.2163333333333,814.3474,3253.344,4,RTKCPSNSTRF,RTKCPSNSTRF,2,glycoMod,0,RTKCPSNSTRF,RTKCPSnSTRF,ljz_20131022_MR_Chym1_ELUTE.mzML.binary.sn5446.txt,0000000100000
7076,181,2523.096096,1170,1555.74129022,1352.66191722,33.2078333333333,631.7813,2523.079,4,RTKCPSNSTRF,RTKCPSNSTRF,2,glycoMod,0,RTKCPSNSTRF,RTKCPSnSTRF,ljz_20131022_MR_Chym1_ELUTE.mzML.binary.sn7076.txt,0000000100000
6156,182,2523.089172,1170,1555.74129022,1352.66191722,30.4435,842.037,2523.079,3,RTKCPSNSTRF,RTKCPSNSTRF,2,glycoMod,0,RTKCPSNSTRF,RTKCPSnSTRF,ljz_20131022_MR_Chym1_ELUTE.mzML.binary.sn6156.txt,0000000100000
5782,183,1555.749072,203,1555.74129022,1352.66191722,29.2618333333333,519.5903,1555.741,3,RTKCPSNSTRF,RTKCPSNSTRF,2,glycoMod,0,RTKCPSNSTRF,RTKCPSnSTRF,ljz_20131022_MR_Chym1_ELUTE.mzML.binary.sn5782.txt,0000000100000
5693,185,2228.996172,876,1555.74129022,1352.66191722,28.9846666666667,744.006,2228.984,3,RTKCPSNSTRF,RTKCPSNSTRF,2,glycoMod,0,RTKCPSNSTRF,RTKCPSnSTRF,ljz_20131022_MR_Chym1_ELUTE.mzML.binary.sn5693.txt,0000000100000
5444,187,2726.170272,1373,1555.74129022,1352.66191722,28.2111666666667,909.7307,2726.159,3,RTKCPSNSTRF,RTKCPSNSTRF,2,glycoMod,0,RTKCPSNSTRF,RTKCPSnSTRF,ljz_20131022_MR_Chym1_ELUTE.mzML.binary.sn5444.txt,0000000100000
6272,188,2523.095172,1170,1555.74129022,1352.66191722,30.821,842.039,2523.079,3,RTKCPSNSTRF,RTKCPSNSTRF,2,glycoMod,0,RTKCPSNSTRF,RTKCPSnSTRF,ljz_20131022_MR_Chym1_ELUTE.mzML.binary.sn6272.txt,0000000100000
5445,189,2888.225696,1535,1555.74129022,1352.66191722,28.2136666666667,723.0637,2888.212,4,RTKCPSNSTRF,RTKCPSNSTRF,2,glycoMod,0,RTKCPSNSTRF,RTKCPSnSTRF,ljz_20131022_MR_Chym1_ELUTE.mzML.binary.sn5445.txt,0000000100000
5602,190,2377.033296,1024,1555.74129022,1352.66191722,28.7098333333333,595.2656,2377.022,4,RTKCPSNSTRF,RTKCPSNSTRF,2,glycoMod,0,RTKCPSNSTRF,RTKCPSnSTRF,ljz_20131022_MR_Chym1_ELUTE.mzML.binary.sn5602.txt,0000000100000
5455,191,2391.045672,1038,1555.74129022,1352.66191722,28.2396666666667,798.0225,2391.037,3,RTKCPSNSTRF,RTKCPSNSTRF,2,glycoMod,0,RTKCPSNSTRF,RTKCPSnSTRF,ljz_20131022_MR_Chym1_ELUTE.mzML.binary.sn5455.txt,0000000100000
5569,192,2377.030872,1024,1555.74129022,1352.66191722,28.6148333333333,793.3509,2377.022,3,RTKCPSNSTRF,RTKCPSNSTRF,2,glycoMod,0,RTKCPSNSTRF,RTKCPSnSTRF,ljz_20131022_MR_Chym1_ELUTE.mzML.binary.sn5569.txt,0000000100000
5571,193,2198.982972,846,1555.74129022,1352.66191722,28.6201666666667,734.0016,2198.974,3,RTKCPSNSTRF,RTKCPSNSTRF,2,glycoMod,0,RTKCPSNSTRF,RTKCPSnSTRF,ljz_20131022_MR_Chym1_ELUTE.mzML.binary.sn5571.txt,0000000100000
5898,194,2523.088272,1170,1555.74129022,1352.66191722,29.6375,842.0367,2523.079,3,RTKCPSNSTRF,RTKCPSNSTRF,2,glycoMod,0,RTKCPSNSTRF,RTKCPSnSTRF,ljz_20131022_MR_Chym1_ELUTE.mzML.binary.sn5898.txt,0000000100000
5636,195,2418.059172,1065,1555.74129022,1352.66191722,28.803,807.027,2418.048,3,RTKCPSNSTRF,RTKCPSNSTRF,2,glycoMod,0,RTKCPSNSTRF,RTKCPSnSTRF,ljz_20131022_MR_Chym1_ELUTE.mzML.binary.sn5636.txt,0000000100000
5429,196,3212.333696,1859,1555.74129022,1352.66191722,28.1661666666667,804.0907,3212.317,4,RTKCPSNSTRF,RTKCPSNSTRF,2,glycoMod,0,RTKCPSNSTRF,RTKCPSnSTRF,ljz_20131022_MR_Chym1_ELUTE.mzML.binary.sn5429.txt,0000000100000
5588,197,2742.164896,1389,1555.74129022,1352.66191722,28.668,686.5485,2742.154,4,RTKCPSNSTRF,RTKCPSNSTRF,2,glycoMod,0,RTKCPSNSTRF,RTKCPSnSTRF,ljz_20131022_MR_Chym1_ELUTE.mzML.binary.sn5588.txt,0000000100000
5591,198,2539.086372,1186,1555.74129022,1352.66191722,28.6758333333333,847.3694,2539.074,3,RTKCPSNSTRF,RTKCPSNSTRF,2,glycoMod,0,RTKCPSNSTRF,RTKCPSnSTRF,ljz_20131022_MR_Chym1_ELUTE.mzML.binary.sn5591.txt,0000000100000
5407,199,2701.134096,1348,1555.74129022,1352.66191722,28.0951666666667,676.2908,2701.127,4,RTKCPSNSTRF,RTKCPSNSTRF,2,glycoMod,0,RTKCPSNSTRF,RTKCPSnSTRF,ljz_20131022_MR_Chym1_ELUTE.mzML.binary.sn5407.txt,0000000100000
5457,200,2214.978372,862,1555.74129022,1352.66191722,28.2461666666667,739.3334,2214.969,3,RTKCPSNSTRF,RTKCPSNSTRF,2,glycoMod,0,RTKCPSNSTRF,RTKCPSnSTRF,ljz_20131022_MR_Chym1_ELUTE.mzML.binary.sn5457.txt,0000000100000
5558,203,2847.196896,1494,1555.74129022,1352.66191722,28.5843333333333,712.8065,2847.185,4,RTKCPSNSTRF,RTKCPSNSTRF,2,glycoMod,0,RTKCPSNSTRF,RTKCPSnSTRF,ljz_20131022_MR_Chym1_ELUTE.mzML.binary.sn5558.txt,0000000100000
7246,204,2523.090672,1170,1555.74129022,1352.66191722,33.7546666666667,842.0375,2523.079,3,RTKCPSNSTRF,RTKCPSNSTRF,2,glycoMod,0,RTKCPSNSTRF,RTKCPSnSTRF,ljz_20131022_MR_Chym1_ELUTE.mzML.binary.sn7246.txt,0000000100000
5219,207,2523.101296,1170,1555.74129022,1352.66191722,27.3761666666667,631.7826,2523.079,4,RTKCPSNSTRF,RTKCPSNSTRF,2,glycoMod,0,RTKCPSNSTRF,RTKCPSnSTRF,ljz_20131022_MR_Chym1_ELUTE.mzML.binary.sn5219.txt,0000000100000
4938,208,2539.084096,1186,1555.74129022,1352.66191722,26.1475,635.7783,2539.074,4,RTKCPSNSTRF,RTKCPSNSTRF,2,glycoMod,0,RTKCPSNSTRF,RTKCPSnSTRF,ljz_20131022_MR_Chym1_ELUTE.mzML.binary.sn4938.txt,0000000100000
6200,209,2523.094496,1170,1555.74129022,1352.66191722,30.6058333333333,631.7809,2523.079,4,RTKCPSNSTRF,RTKCPSNSTRF,2,glycoMod,0,RTKCPSNSTRF,RTKCPSnSTRF,ljz_20131022_MR_Chym1_ELUTE.mzML.binary.sn6200.txt,0000000100000
5405,210,2847.196272,1494,1555.74129022,1352.66191722,28.09,950.0727,2847.185,3,RTKCPSNSTRF,RTKCPSNSTRF,2,glycoMod,0,RTKCPSNSTRF,RTKCPSnSTRF,ljz_20131022_MR_Chym1_ELUTE.mzML.binary.sn5405.txt,0000000100000
4788,211,2539.085696,1186,1555.74129022,1352.66191722,25.465,635.7787,2539.074,4,RTKCPSNSTRF,RTKCPSNSTRF,2,glycoMod,0,RTKCPSNSTRF,RTKCPSnSTRF,ljz_20131022_MR_Chym1_ELUTE.mzML.binary.sn4788.txt,0000000100000
5305,213,2701.139296,1348,1555.74129022,1352.66191722,27.7318333333333,676.2921,2701.127,4,RTKCPSNSTRF,RTKCPSNSTRF,2,glycoMod,0,RTKCPSNSTRF,RTKCPSnSTRF,ljz_20131022_MR_Chym1_ELUTE.mzML.binary.sn5305.txt,0000000100000
7228,214,2523.090096,1170,1555.74129022,1352.66191722,33.696,631.7798,2523.079,4,RTKCPSNSTRF,RTKCPSNSTRF,2,glycoMod,0,RTKCPSNSTRF,RTKCPSnSTRF,ljz_20131022_MR_Chym1_ELUTE.mzML.binary.sn7228.txt,0000000100000
5435,215,2701.133172,1348,1555.74129022,1352.66191722,28.183,901.385,2701.127,3,RTKCPSNSTRF,RTKCPSNSTRF,2,glycoMod,0,RTKCPSNSTRF,RTKCPSnSTRF,ljz_20131022_MR_Chym1_ELUTE.mzML.binary.sn5435.txt,0000000100000
5341,216,2539.086096,1186,1555.74129022,1352.66191722,27.8758333333333,635.7788,2539.074,4,RTKCPSNSTRF,RTKCPSNSTRF,2,glycoMod,0,RTKCPSNSTRF,RTKCPSnSTRF,ljz_20131022_MR_Chym1_ELUTE.mzML.binary.sn5341.txt,0000000100000
5511,219,2228.983296,876,1555.74129022,1352.66191722,28.4188333333333,558.2531,2228.984,4,RTKCPSNSTRF,RTKCPSNSTRF,2,glycoMod,0,RTKCPSNSTRF,RTKCPSnSTRF,ljz_20131022_MR_Chym1_ELUTE.mzML.binary.sn5511.txt,0000000100000
5376,222,2539.084572,1186,1555.74129022,1352.66191722,27.9921666666667,847.3688,2539.074,3,RTKCPSNSTRF,RTKCPSNSTRF,2,glycoMod,0,RTKCPSNSTRF,RTKCPSnSTRF,ljz_20131022_MR_Chym1_ELUTE.mzML.binary.sn5376.txt,0000000100000
5515,224,2685.139272,1332,1555.74129022,1352.66191722,28.434,896.0537,2685.132,3,RTKCPSNSTRF,RTKCPSNSTRF,2,glycoMod,0,RTKCPSNSTRF,RTKCPSnSTRF,ljz_20131022_MR_Chym1_ELUTE.mzML.binary.sn5515.txt,0000000100000
5560,228,2391.046572,1038,1555.74129022,1352.66191722,28.5935,798.0228,2391.037,3,RTKCPSNSTRF,RTKCPSNSTRF,2,glycoMod,0,RTKCPSNSTRF,RTKCPSnSTRF,ljz_20131022_MR_Chym1_ELUTE.mzML.binary.sn5560.txt,0000000100000
5566,229,2361.036896,1008,1555.74129022,1352.66191722,28.609,591.2665,2361.027,4,RTKCPSNSTRF,RTKCPSNSTRF,2,glycoMod,0,RTKCPSNSTRF,RTKCPSnSTRF,ljz_20131022_MR_Chym1_ELUTE.mzML.binary.sn5566.txt,0000000100000
5597,230,2685.151696,1332,1555.74129022,1352.66191722,28.6956666666667,672.2952,2685.132,4,RTKCPSNSTRF,RTKCPSNSTRF,2,glycoMod,0,RTKCPSNSTRF,RTKCPSnSTRF,ljz_20131022_MR_Chym1_ELUTE.mzML.binary.sn5597.txt,0000000100000
5608,234,1758.827772,406,1555.74129022,1352.66191722,28.7255,587.2832,1758.821,3,RTKCPSNSTRF,RTKCPSNSTRF,2,glycoMod,0,RTKCPSNSTRF,RTKCPSnSTRF,ljz_20131022_MR_Chym1_ELUTE.mzML.binary.sn5608.txt,0000000100000
5518,235,2418.054972,1065,1555.74129022,1352.66191722,28.447,807.0256,2418.048,3,RTKCPSNSTRF,RTKCPSNSTRF,2,glycoMod,0,RTKCPSNSTRF,RTKCPSnSTRF,ljz_20131022_MR_Chym1_ELUTE.mzML.binary.sn5518.txt,0000000100000
5406,237,2685.143172,1332,1555.74129022,1352.66191722,28.0926666666667,896.055,2685.132,3,RTKCPSNSTRF,RTKCPSNSTRF,2,glycoMod,0,RTKCPSNSTRF,RTKCPSnSTRF,ljz_20131022_MR_Chym1_ELUTE.mzML.binary.sn5406.txt,0000000100000
5815,238,2523.091296,1170,1555.74129022,1352.66191722,29.3616666666667,631.7801,2523.079,4,RTKCPSNSTRF,RTKCPSNSTRF,2,glycoMod,0,RTKCPSNSTRF,RTKCPSnSTRF,ljz_20131022_MR_Chym1_ELUTE.mzML.binary.sn5815.txt,0000000100000
5555,239,1555.747572,203,1555.74129022,1352.66191722,28.5765,519.5898,1555.741,3,RTKCPSNSTRF,RTKCPSNSTRF,2,glycoMod,0,RTKCPSNSTRF,RTKCPSnSTRF,ljz_20131022_MR_Chym1_ELUTE.mzML.binary.sn5555.txt,0000000100000
5562,240,2742.163572,1389,1555.74129022,1352.66191722,28.5986666666667,915.0618,2742.154,3,RTKCPSNSTRF,RTKCPSNSTRF,2,glycoMod,0,RTKCPSNSTRF,RTKCPSnSTRF,ljz_20131022_MR_Chym1_ELUTE.mzML.binary.sn5562.txt,0000000100000
5627,242,1555.748096,203,1555.74129022,1352.66191722,28.7785,389.9443,1555.741,4,RTKCPSNSTRF,RTKCPSNSTRF,2,glycoMod,0,RTKCPSNSTRF,RTKCPSnSTRF,ljz_20131022_MR_Chym1_ELUTE.mzML.binary.sn5627.txt,0000000100000
5635,243,2361.038172,1008,1555.74129022,1352.66191722,28.8005,788.02,2361.027,3,RTKCPSNSTRF,RTKCPSNSTRF,2,glycoMod,0,RTKCPSNSTRF,RTKCPSnSTRF,ljz_20131022_MR_Chym1_ELUTE.mzML.binary.sn5635.txt,0000000100000
6034,244,2569.083696,1216,1555.74129022,1352.66191722,30.049,643.2782,2569.085,4,RTKCPSNSTRF,RTKCPSNSTRF,2,glycoMod,0,RTKCPSNSTRF,RTKCPSnSTRF,ljz_20131022_MR_Chym1_ELUTE.mzML.binary.sn6034.txt,0000000100000
5482,245,3091.300096,1738,1555.74129022,1352.66191722,28.3136666666667,773.8323,3091.291,4,RTKCPSNSTRF,RTKCPSNSTRF,2,glycoMod,0,RTKCPSNSTRF,RTKCPSnSTRF,ljz_20131022_MR_Chym1_ELUTE.mzML.binary.sn5482.txt,0000000100000
5254,246,2539.086496,1186,1555.74129022,1352.66191722,27.5225,635.7789,2539.074,4,RTKCPSNSTRF,RTKCPSNSTRF,2,glycoMod,0,RTKCPSNSTRF,RTKCPSnSTRF,ljz_20131022_MR_Chym1_ELUTE.mzML.binary.sn5254.txt,0000000100000
5416,248,2361.035172,1008,1555.74129022,1352.66191722,28.1236666666667,788.019,2361.027,3,RTKCPSNSTRF,RTKCPSNSTRF,2,glycoMod,0,RTKCPSNSTRF,RTKCPSnSTRF,ljz_20131022_MR_Chym1_ELUTE.mzML.binary.sn5416.txt,0000000100000
5425,249,2904.222896,1551,1555.74129022,1352.66191722,28.1543333333333,727.063,2904.207,4,RTKCPSNSTRF,RTKCPSNSTRF,2,glycoMod,0,RTKCPSNSTRF,RTKCPSnSTRF,ljz_20131022_MR_Chym1_ELUTE.mzML.binary.sn5425.txt,0000000100000
5497,250,2377.033696,1024,1555.74129022,1352.66191722,28.368,595.2657,2377.022,4,RTKCPSNSTRF,RTKCPSNSTRF,2,glycoMod,0,RTKCPSNSTRF,RTKCPSnSTRF,ljz_20131022_MR_Chym1_ELUTE.mzML.binary.sn5497.txt,0000000100000
5596,251,2594.130496,1241,1555.74129022,1352.66191722,28.693,649.5399,2594.117,4,RTKCPSNSTRF,RTKCPSNSTRF,2,glycoMod,0,RTKCPSNSTRF,RTKCPSnSTRF,ljz_20131022_MR_Chym1_ELUTE.mzML.binary.sn5596.txt,0000000100000
5803,252,2580.093296,1227,1555.74129022,1352.66191722,29.3268333333333,646.0306,2580.101,4,RTKCPSNSTRF,RTKCPSNSTRF,2,glycoMod,0,RTKCPSNSTRF,RTKCPSnSTRF,ljz_20131022_MR_Chym1_ELUTE.mzML.binary.sn5803.txt,0000000100000
5426,253,2228.997972,876,1555.74129022,1352.66191722,28.157,744.0066,2228.984,3,RTKCPSNSTRF,RTKCPSNSTRF,2,glycoMod,0,RTKCPSNSTRF,RTKCPSnSTRF,ljz_20131022_MR_Chym1_ELUTE.mzML.binary.sn5426.txt,0000000100000
5397,254,2523.090672,1170,1555.74129022,1352.66191722,28.0631666666667,842.0375,2523.079,3,RTKCPSNSTRF,RTKCPSNSTRF,2,glycoMod,0,RTKCPSNSTRF,RTKCPSnSTRF,ljz_20131022_MR_Chym1_ELUTE.mzML.binary.sn5397.txt,0000000100000
5539,257,2066.939472,714,1555.74129022,1352.66191722,28.5255,689.9871,2066.932,3,RTKCPSNSTRF,RTKCPSNSTRF,2,glycoMod,0,RTKCPSNSTRF,RTKCPSnSTRF,ljz_20131022_MR_Chym1_ELUTE.mzML.binary.sn5539.txt,0000000100000
5829,258,1758.828072,406,1555.74129022,1352.66191722,29.4101666666667,587.2833,1758.821,3,RTKCPSNSTRF,RTKCPSNSTRF,2,glycoMod,0,RTKCPSNSTRF,RTKCPSnSTRF,ljz_20131022_MR_Chym1_ELUTE.mzML.binary.sn5829.txt,0000000100000
5541,259,2904.216896,1551,1555.74129022,1352.66191722,28.5306666666667,727.0615,2904.207,4,RTKCPSNSTRF,RTKCPSNSTRF,2,glycoMod,0,RTKCPSNSTRF,RTKCPSnSTRF,ljz_20131022_MR_Chym1_ELUTE.mzML.binary.sn5541.txt,0000000100000
5436,260,2066.940072,714,1555.74129022,1352.66191722,28.1856666666667,689.9873,2066.932,3,RTKCPSNSTRF,RTKCPSNSTRF,2,glycoMod,0,RTKCPSNSTRF,RTKCPSnSTRF,ljz_20131022_MR_Chym1_ELUTE.mzML.binary.sn5436.txt,0000000100000
5522,261,2361.034872,1008,1555.74129022,1352.66191722,28.4631666666667,788.0189,2361.027,3,RTKCPSNSTRF,RTKCPSNSTRF,2,glycoMod,0,RTKCPSNSTRF,RTKCPSnSTRF,ljz_20131022_MR_Chym1_ELUTE.mzML.binary.sn5522.txt,0000000100000
5442,262,2726.173296,1373,1555.74129022,1352.66191722,28.206,682.5506,2726.159,4,RTKCPSNSTRF,RTKCPSNSTRF,2,glycoMod,0,RTKCPSNSTRF,RTKCPSnSTRF,ljz_20131022_MR_Chym1_ELUTE.mzML.binary.sn5442.txt,0000000100000
5599,264,2783.200096,1430,1555.74129022,1352.66191722,28.7008333333333,696.8073,2783.18,4,RTKCPSNSTRF,RTKCPSNSTRF,2,glycoMod,0,RTKCPSNSTRF,RTKCPSnSTRF,ljz_20131022_MR_Chym1_ELUTE.mzML.binary.sn5599.txt,0000000100000
5381,265,3237.361696,1884,1555.74129022,1352.66191722,28.012,810.3477,3237.349,4,RTKCPSNSTRF,RTKCPSNSTRF,2,glycoMod,0,RTKCPSNSTRF,RTKCPSnSTRF,ljz_20131022_MR_Chym1_ELUTE.mzML.binary.sn5381.txt,0000000100000
5598,266,2594.135472,1241,1555.74129022,1352.66191722,28.6981666666667,865.7191,2594.117,3,RTKCPSNSTRF,RTKCPSNSTRF,2,glycoMod,0,RTKCPSNSTRF,RTKCPSnSTRF,ljz_20131022_MR_Chym1_ELUTE.mzML.binary.sn5598.txt,0000000100000
5510,268,2244.987672,892,1555.74129022,1352.66191722,28.4151666666667,749.3365,2244.979,3,RTKCPSNSTRF,RTKCPSNSTRF,2,glycoMod,0,RTKCPSNSTRF,RTKCPSnSTRF,ljz_20131022_MR_Chym1_ELUTE.mzML.binary.sn5510.txt,0000000100000
5532,269,2228.991672,876,1555.74129022,1352.66191722,28.4986666666667,744.0045,2228.984,3,RTKCPSNSTRF,RTKCPSNSTRF,2,glycoMod,0,RTKCPSNSTRF,RTKCPSnSTRF,ljz_20131022_MR_Chym1_ELUTE.mzML.binary.sn5532.txt,0000000100000
5549,270,2726.172096,1373,1555.74129022,1352.66191722,28.5561666666667,682.5503,2726.159,4,RTKCPSNSTRF,RTKCPSNSTRF,2,glycoMod,0,RTKCPSNSTRF,RTKCPSnSTRF,ljz_20131022_MR_Chym1_ELUTE.mzML.binary.sn5549.txt,0000000100000
5561,271,2214.977772,862,1555.74129022,1352.66191722,28.596,739.3332,2214.969,3,RTKCPSNSTRF,RTKCPSNSTRF,2,glycoMod,0,RTKCPSNSTRF,RTKCPSnSTRF,ljz_20131022_MR_Chym1_ELUTE.mzML.binary.sn5561.txt,0000000100000
5367,272,3399.414896,2046,1555.74129022,1352.66191722,27.9626666666667,850.861,3399.402,4,RTKCPSNSTRF,RTKCPSNSTRF,2,glycoMod,0,RTKCPSNSTRF,RTKCPSnSTRF,ljz_20131022_MR_Chym1_ELUTE.mzML.binary.sn5367.txt,0000000100000
5438,273,2715.156672,1362,1555.74129022,1352.66191722,28.1908333333333,906.0595,2715.143,3,RTKCPSNSTRF,RTKCPSNSTRF,2,glycoMod,0,RTKCPSNSTRF,RTKCPSnSTRF,ljz_20131022_MR_Chym1_ELUTE.mzML.binary.sn5438.txt,0000000100000
5920,274,2569.080896,1216,1555.74129022,1352.66191722,29.7138333333333,643.2775,2569.085,4,RTKCPSNSTRF,RTKCPSNSTRF,2,glycoMod,0,RTKCPSNSTRF,RTKCPSnSTRF,ljz_20131022_MR_Chym1_ELUTE.mzML.binary.sn5920.txt,0000000100000
5392,277,3034.282496,1681,1555.74129022,1352.66191722,28.0466666666667,759.5779,3034.27,4,RTKCPSNSTRF,RTKCPSNSTRF,2,glycoMod,0,RTKCPSNSTRF,RTKCPSnSTRF,ljz_20131022_MR_Chym1_ELUTE.mzML.binary.sn5392.txt,0000000100000
11430,281,2589.134472,1227,1564.76543901,1361.68606601,46.2755,864.0521,2589.125,3,AGKNLTADEMVTL,AGKNLTADEMVTL,2,glycoMod,0,AGKNLTADEMVTL,AGKnLTADEMVTL,ljz_20131022_MR_Chym1_ELUTE.mzML.binary.sn11430.txt,000010000000000
11448,284,2532.111072,1170,1564.76543901,1361.68606601,46.3295,845.0443,2532.103,3,AGKNLTADEMVTL,AGKNLTADEMVTL,2,glycoMod,0,AGKNLTADEMVTL,AGKnLTADEMVTL,ljz_20131022_MR_Chym1_ELUTE.mzML.binary.sn11448.txt,000010000000000
11613,285,2532.118872,1170,1564.76543901,1361.68606601,46.8128333333333,845.0469,2532.103,3,AGKNLTADEMVTL,AGKNLTADEMVTL,2,glycoMod,0,AGKNLTADEMVTL,AGKnLTADEMVTL,ljz_20131022_MR_Chym1_ELUTE.mzML.binary.sn11613.txt,000010000000000
10144,287,2548.111048,1186,1564.76543901,1361.68606601,42.4473333333333,1275.0628,2548.098,2,AGKNLTADEMVTL,AGKNLTADEMVTL,2,glycoMod,0,AGKNLTADEMVTL,AGKnLTADEMVTL,ljz_20131022_MR_Chym1_ELUTE.mzML.binary.sn10144.txt,000010000000000
11392,292,2589.137648,1227,1564.76543901,1361.68606601,46.1653333333333,1295.5761,2589.125,2,AGKNLTADEMVTL,AGKNLTADEMVTL,2,glycoMod,0,AGKNLTADEMVTL,AGKnLTADEMVTL,ljz_20131022_MR_Chym1_ELUTE.mzML.binary.sn11392.txt,000010000000000
9459,293,2589.140172,1227,1564.76543901,1361.68606601,40.4118333333333,864.054,2589.125,3,AGKNLTADEMVTL,AGKNLTADEMVTL,2,glycoMod,0,AGKNLTADEMVTL,AGKnLTADEMVTL,ljz_20131022_MR_Chym1_ELUTE.mzML.binary.sn9459.txt,000010000000000
10015,304,2386.063872,1024,1564.76543901,1361.68606601,42.1021666666667,796.3619,2386.046,3,AGKNLTADEMVTL,AGKNLTADEMVTL,2,glycoMod,0,AGKNLTADEMVTL,AGKnLTADEMVTL,ljz_20131022_MR_Chym1_ELUTE.mzML.binary.sn10015.txt,000010000000000
10386,305,2457.099072,1095,1564.76543901,1361.68606601,43.145,820.0403,2457.083,3,AGKNLTADEMVTL,AGKNLTADEMVTL,2,glycoMod,0,AGKNLTADEMVTL,AGKnLTADEMVTL,ljz_20131022_MR_Chym1_ELUTE.mzML.binary.sn10386.txt,000010000000000
10267,306,2548.113048,1186,1564.76543901,1361.68606601,42.7926666666667,1275.0638,2548.098,2,AGKNLTADEMVTL,AGKNLTADEMVTL,2,glycoMod,0,AGKNLTADEMVTL,AGKnLTADEMVTL,ljz_20131022_MR_Chym1_ELUTE.mzML.binary.sn10267.txt,000010000000000
9334,312,2589.138372,1227,1564.76543901,1361.68606601,40.0466666666667,864.0534,2589.125,3,AGKNLTADEMVTL,AGKNLTADEMVTL,2,glycoMod,0,AGKNLTADEMVTL,AGKnLTADEMVTL,ljz_20131022_MR_Chym1_ELUTE.mzML.binary.sn9334.txt,000010000000000
10582,314,2587.153572,1225,1564.76543901,1361.68606601,43.7801666666667,863.3918,2587.146,3,AGKNLTADEMVTL,AGKNLTADEMVTL,2,glycoMod,0,AGKNLTADEMVTL,AGKnLTADEMVTL,ljz_20131022_MR_Chym1_ELUTE.mzML.binary.sn10582.txt,000010000000000
11245,315,2548.107072,1186,1564.76543901,1361.68606601,45.7613333333333,850.3763,2548.098,3,AGKNLTADEMVTL,AGKNLTADEMVTL,2,glycoMod,0,AGKNLTADEMVTL,AGKnLTADEMVTL,ljz_20131022_MR_Chym1_ELUTE.mzML.binary.sn11245.txt,000010000000000
11399,316,2532.114848,1170,1564.76543901,1361.68606601,46.1831666666667,1267.0647,2532.103,2,AGKNLTADEMVTL,AGKNLTADEMVTL,2,glycoMod,0,AGKNLTADEMVTL,AGKnLTADEMVTL,ljz_20131022_MR_Chym1_ELUTE.mzML.binary.sn11399.txt,000010000000000
10132,318,2548.110972,1186,1564.76543901,1361.68606601,42.4018333333333,850.3776,2548.098,3,AGKNLTADEMVTL,AGKNLTADEMVTL,2,glycoMod,0,AGKNLTADEMVTL,AGKnLTADEMVTL,ljz_20131022_MR_Chym1_ELUTE.mzML.binary.sn10132.txt,000010000000000
11512,319,2532.116648,1170,1564.76543901,1361.68606601,46.524,1267.0656,2532.103,2,AGKNLTADEMVTL,AGKNLTADEMVTL,2,glycoMod,0,AGKNLTADEMVTL,AGKnLTADEMVTL,ljz_20131022_MR_Chym1_ELUTE.mzML.binary.sn11512.txt,000010000000000
11590,327,2386.052648,1024,1564.76543901,1361.68606601,46.748,1194.0336,2386.046,2,AGKNLTADEMVTL,AGKNLTADEMVTL,2,glycoMod,0,AGKNLTADEMVTL,AGKnLTADEMVTL,ljz_20131022_MR_Chym1_ELUTE.mzML.binary.sn11590.txt,000010000000000
12894,337,2557.148048,1170,1589.79370267,1386.71432967,50.9986666666667,1279.5813,2557.131,2,TNIPAPTFNATQL,TNIPAPTFNATQL,2,glycoMod,0,TNIPAPTFNATQL,TNIPAPTFnATQL,ljz_20131022_MR_Chym1_ELUTE.mzML.binary.sn12894.txt,000000000100000
12991,338,2557.147048,1170,1589.79370267,1386.71432967,51.3523333333333,1279.5808,2557.131,2,TNIPAPTFNATQL,TNIPAPTFNATQL,2,glycoMod,0,TNIPAPTFNATQL,TNIPAPTFnATQL,ljz_20131022_MR_Chym1_ELUTE.mzML.binary.sn12991.txt,000000000100000
12893,339,2557.145472,1170,1589.79370267,1386.71432967,50.996,853.3891,2557.131,3,TNIPAPTFNATQL,TNIPAPTFNATQL,2,glycoMod,0,TNIPAPTFNATQL,TNIPAPTFnATQL,ljz_20131022_MR_Chym1_ELUTE.mzML.binary.sn12893.txt,000000000100000
12987,342,2557.146072,1170,1589.79370267,1386.71432967,51.3351666666667,853.3893,2557.131,3,TNIPAPTFNATQL,TNIPAPTFNATQL,2,glycoMod,0,TNIPAPTFNATQL,TNIPAPTFnATQL,ljz_20131022_MR_Chym1_ELUTE.mzML.binary.sn12987.txt,000000000100000
11524,343,2563.137972,1170,1595.77911524,1392.69974224,46.5583333333333,855.3866,2563.117,3,AARDSAALAGNITY,AARDSAALAGNITY,2,glycoMod,0,AARDSAALAGNITY,AARDSAALAGnITY,ljz_20131022_MR_Chym1_ELUTE.mzML.binary.sn11524.txt,0000000000010000
11539,344,2431.053648,1038,1595.77911524,1392.69974224,46.5998333333333,1216.5341,2431.075,2,AARDSAALAGNITY,AARDSAALAGNITY,2,glycoMod,0,AARDSAALAGNITY,AARDSAALAGnITY,ljz_20131022_MR_Chym1_ELUTE.mzML.binary.sn11539.txt,0000000000010000
11552,345,2431.052172,1038,1595.77911524,1392.69974224,46.6395,811.358,2431.075,3,AARDSAALAGNITY,AARDSAALAGNITY,2,glycoMod,0,AARDSAALAGNITY,AARDSAALAGnITY,ljz_20131022_MR_Chym1_ELUTE.mzML.binary.sn11552.txt,0000000000010000
10087,347,2238.995448,846,1595.77911524,1392.69974224,42.2916666666667,1120.505,2239.012,2,AARDSAALAGNITY,AARDSAALAGNITY,2,glycoMod,0,AARDSAALAGNITY,AARDSAALAGnITY,ljz_20131022_MR_Chym1_ELUTE.mzML.binary.sn10087.txt,0000000000010000
10254,348,2620.152972,1227,1595.77911524,1392.69974224,42.7563333333333,874.3916,2620.139,3,AARDSAALAGNITY,AARDSAALAGNITY,2,glycoMod,0,AARDSAALAGNITY,AARDSAALAGnITY,ljz_20131022_MR_Chym1_ELUTE.mzML.binary.sn10254.txt,0000000000010000
10256,349,2563.128248,1170,1595.77911524,1392.69974224,42.7628333333333,1282.5714,2563.117,2,AARDSAALAGNITY,AARDSAALAGNITY,2,glycoMod,0,AARDSAALAGNITY,AARDSAALAGnITY,ljz_20131022_MR_Chym1_ELUTE.mzML.binary.sn10256.txt,0000000000010000
10327,350,2563.128672,1170,1595.77911524,1392.69974224,42.9716666666667,855.3835,2563.117,3,AARDSAALAGNITY,AARDSAALAGNITY,2,glycoMod,0,AARDSAALAGNITY,AARDSAALAGnITY,ljz_20131022_MR_Chym1_ELUTE.mzML.binary.sn10327.txt,0000000000010000
10373,351,2563.128648,1170,1595.77911524,1392.69974224,43.104,1282.5716,2563.117,2,AARDSAALAGNITY,AARDSAALAGNITY,2,glycoMod,0,AARDSAALAGNITY,AARDSAALAGnITY,ljz_20131022_MR_Chym1_ELUTE.mzML.binary.sn10373.txt,0000000000010000
10378,352,2401.054048,1008,1595.77911524,1392.69974224,43.1183333333333,1201.5343,2401.065,2,AARDSAALAGNITY,AARDSAALAGNITY,2,glycoMod,0,AARDSAALAGNITY,AARDSAALAGnITY,ljz_20131022_MR_Chym1_ELUTE.mzML.binary.sn10378.txt,0000000000010000
10442,353,2563.128072,1170,1595.77911524,1392.69974224,43.322,855.3833,2563.117,3,AARDSAALAGNITY,AARDSAALAGNITY,2,glycoMod,0,AARDSAALAGNITY,AARDSAALAGnITY,ljz_20131022_MR_Chym1_ELUTE.mzML.binary.sn10442.txt,0000000000010000
10546,354,2563.132272,1170,1595.77911524,1392.69974224,43.6753333333333,855.3847,2563.117,3,AARDSAALAGNITY,AARDSAALAGNITY,2,glycoMod,0,AARDSAALAGNITY,AARDSAALAGnITY,ljz_20131022_MR_Chym1_ELUTE.mzML.binary.sn10546.txt,0000000000010000
10654,355,2563.131448,1170,1595.77911524,1392.69974224,43.9861666666667,1282.573,2563.117,2,AARDSAALAGNITY,AARDSAALAGNITY,2,glycoMod,0,AARDSAALAGNITY,AARDSAALAGnITY,ljz_20131022_MR_Chym1_ELUTE.mzML.binary.sn10654.txt,0000000000010000
10671,356,2563.129872,1170,1595.77911524,1392.69974224,44.04,855.3839,2563.117,3,AARDSAALAGNITY,AARDSAALAGNITY,2,glycoMod,0,AARDSAALAGNITY,AARDSAALAGnITY,ljz_20131022_MR_Chym1_ELUTE.mzML.binary.sn10671.txt,0000000000010000
12112,357,2563.135872,1170,1595.77911524,1392.69974224,48.3323333333333,855.3859,2563.117,3,AARDSAALAGNITY,AARDSAALAGNITY,2,glycoMod,0,AARDSAALAGNITY,AARDSAALAGnITY,ljz_20131022_MR_Chym1_ELUTE.mzML.binary.sn12112.txt,0000000000010000
10782,358,2563.130448,1170,1595.77911524,1392.69974224,44.3498333333333,1282.5725,2563.117,2,AARDSAALAGNITY,AARDSAALAGNITY,2,glycoMod,0,AARDSAALAGNITY,AARDSAALAGnITY,ljz_20131022_MR_Chym1_ELUTE.mzML.binary.sn10782.txt,0000000000010000
8293,362,2985.252972,1592,1595.77911524,1392.69974224,36.8656666666667,996.0916,2985.271,3,AARDSAALAGNITY,AARDSAALAGNITY,2,glycoMod,0,AARDSAALAGNITY,AARDSAALAGnITY,ljz_20131022_MR_Chym1_ELUTE.mzML.binary.sn8293.txt,0000000000010000
10916,368,2563.137972,1170,1595.77911524,1392.69974224,44.7716666666667,855.3866,2563.117,3,AARDSAALAGNITY,AARDSAALAGNITY,2,glycoMod,0,AARDSAALAGNITY,AARDSAALAGnITY,ljz_20131022_MR_Chym1_ELUTE.mzML.binary.sn10916.txt,0000000000010000
8830,370,2823.249072,1430,1595.77911524,1392.69974224,38.4681666666667,942.0903,2823.218,3,AARDSAALAGNITY,AARDSAALAGNITY,2,glycoMod,0,AARDSAALAGNITY,AARDSAALAGnITY,ljz_20131022_MR_Chym1_ELUTE.mzML.binary.sn8830.txt,0000000000010000
8989,371,2604.123072,1211,1595.77911524,1392.69974224,38.9798333333333,869.0483,2604.144,3,AARDSAALAGNITY,AARDSAALAGNITY,2,glycoMod,0,AARDSAALAGNITY,AARDSAALAGnITY,ljz_20131022_MR_Chym1_ELUTE.mzML.binary.sn8989.txt,0000000000010000
11333,373,2563.117048,1170,1595.77911524,1392.69974224,46.0023333333333,1282.5658,2563.117,2,AARDSAALAGNITY,AARDSAALAGNITY,2,glycoMod,0,AARDSAALAGNITY,AARDSAALAGnITY,ljz_20131022_MR_Chym1_ELUTE.mzML.binary.sn11333.txt,0000000000010000
11769,374,2563.130472,1170,1595.77911524,1392.69974224,47.2645,855.3841,2563.117,3,AARDSAALAGNITY,AARDSAALAGNITY,2,glycoMod,0,AARDSAALAGNITY,AARDSAALAGnITY,ljz_20131022_MR_Chym1_ELUTE.mzML.binary.sn11769.txt,0000000000010000
11906,375,2563.130248,1170,1595.77911524,1392.69974224,47.68,1282.5724,2563.117,2,AARDSAALAGNITY,AARDSAALAGNITY,2,glycoMod,0,AARDSAALAGNITY,AARDSAALAGnITY,ljz_20131022_MR_Chym1_ELUTE.mzML.binary.sn11906.txt,0000000000010000
11572,378,2563.132448,1170,1595.77911524,1392.69974224,46.6971666666667,1282.5735,2563.117,2,AARDSAALAGNITY,AARDSAALAGNITY,2,glycoMod,0,AARDSAALAGNITY,AARDSAALAGnITY,ljz_20131022_MR_Chym1_ELUTE.mzML.binary.sn11572.txt,0000000000010000
9809,381,2563.131072,1170,1595.77911524,1392.69974224,41.537,855.3843,2563.117,3,AARDSAALAGNITY,AARDSAALAGNITY,2,glycoMod,0,AARDSAALAGNITY,AARDSAALAGnITY,ljz_20131022_MR_Chym1_ELUTE.mzML.binary.sn9809.txt,0000000000010000
9822,382,2563.133048,1170,1595.77911524,1392.69974224,41.5728333333333,1282.5738,2563.117,2,AARDSAALAGNITY,AARDSAALAGNITY,2,glycoMod,0,AARDSAALAGNITY,AARDSAALAGnITY,ljz_20131022_MR_Chym1_ELUTE.mzML.binary.sn9822.txt,0000000000010000
9970,384,3585.516372,2192,1595.77911524,1392.69974224,41.9776666666667,1196.1794,3585.498,3,AARDSAALAGNITY,AARDSAALAGNITY,2,glycoMod,0,AARDSAALAGNITY,AARDSAALAGnITY,ljz_20131022_MR_Chym1_ELUTE.mzML.binary.sn9970.txt,0000000000010000
10012,385,2401.051848,1008,1595.77911524,1392.69974224,42.0943333333333,1201.5332,2401.065,2,AARDSAALAGNITY,AARDSAALAGNITY,2,glycoMod,0,AARDSAALAGNITY,AARDSAALAGnITY,ljz_20131022_MR_Chym1_ELUTE.mzML.binary.sn10012.txt,0000000000010000
10013,386,2401.052472,1008,1595.77911524,1392.69974224,42.097,801.3581,2401.065,3,AARDSAALAGNITY,AARDSAALAGNITY,2,glycoMod,0,AARDSAALAGNITY,AARDSAALAGnITY,ljz_20131022_MR_Chym1_ELUTE.mzML.binary.sn10013.txt,0000000000010000
11697,387,2563.134848,1170,1595.77911524,1392.69974224,47.0506666666667,1282.5747,2563.117,2,AARDSAALAGNITY,AARDSAALAGNITY,2,glycoMod,0,AARDSAALAGNITY,AARDSAALAGnITY,ljz_20131022_MR_Chym1_ELUTE.mzML.binary.sn11697.txt,0000000000010000
10137,388,2563.126248,1170,1595.77911524,1392.69974224,42.4196666666667,1282.5704,2563.117,2,AARDSAALAGNITY,AARDSAALAGNITY,2,glycoMod,0,AARDSAALAGNITY,AARDSAALAGnITY,ljz_20131022_MR_Chym1_ELUTE.mzML.binary.sn10137.txt,0000000000010000
10140,389,2401.052248,1008,1595.77911524,1392.69974224,42.4321666666667,1201.5334,2401.065,2,AARDSAALAGNITY,AARDSAALAGNITY,2,glycoMod,0,AARDSAALAGNITY,AARDSAALAGnITY,ljz_20131022_MR_Chym1_ELUTE.mzML.binary.sn10140.txt,0000000000010000
10203,391,2563.128372,1170,1595.77911524,1392.69974224,42.6225,855.3834,2563.117,3,AARDSAALAGNITY,AARDSAALAGNITY,2,glycoMod,0,AARDSAALAGNITY,AARDSAALAGnITY,ljz_20131022_MR_Chym1_ELUTE.mzML.binary.sn10203.txt,0000000000010000
10808,392,2563.129272,1170,1595.77911524,1392.69974224,44.4183333333333,855.3837,2563.117,3,AARDSAALAGNITY,AARDSAALAGNITY,2,glycoMod,0,AARDSAALAGNITY,AARDSAALAGnITY,ljz_20131022_MR_Chym1_ELUTE.mzML.binary.sn10808.txt,0000000000010000
10207,393,2969.285772,1576,1595.77911524,1392.69974224,42.6326666666667,990.7692,2969.276,3,AARDSAALAGNITY,AARDSAALAGNITY,2,glycoMod,0,AARDSAALAGNITY,AARDSAALAGnITY,ljz_20131022_MR_Chym1_ELUTE.mzML.binary.sn10207.txt,0000000000010000
10225,394,2725.186272,1332,1595.77911524,1392.69974224,42.6776666666667,909.4027,2725.17,3,AARDSAALAGNITY,AARDSAALAGNITY,2,glycoMod,0,AARDSAALAGNITY,AARDSAALAGnITY,ljz_20131022_MR_Chym1_ELUTE.mzML.binary.sn10225.txt,0000000000010000
10263,395,2620.152848,1227,1595.77911524,1392.69974224,42.781,1311.0837,2620.139,2,AARDSAALAGNITY,AARDSAALAGNITY,2,glycoMod,0,AARDSAALAGNITY,AARDSAALAGnITY,ljz_20131022_MR_Chym1_ELUTE.mzML.binary.sn10263.txt,0000000000010000
10285,396,2401.075872,1008,1595.77911524,1392.69974224,42.8503333333333,801.3659,2401.065,3,AARDSAALAGNITY,AARDSAALAGNITY,2,glycoMod,0,AARDSAALAGNITY,AARDSAALAGnITY,ljz_20131022_MR_Chym1_ELUTE.mzML.binary.sn10285.txt,0000000000010000
10314,397,2417.057172,1024,1595.77911524,1392.69974224,42.9331666666667,806.693,2417.06,3,AARDSAALAGNITY,AARDSAALAGNITY,2,glycoMod,0,AARDSAALAGNITY,AARDSAALAGnITY,ljz_20131022_MR_Chym1_ELUTE.mzML.binary.sn10314.txt,0000000000010000
11883,398,2563.133172,1170,1595.77911524,1392.69974224,47.6128333333333,855.385,2563.117,3,AARDSAALAGNITY,AARDSAALAGNITY,2,glycoMod,0,AARDSAALAGNITY,AARDSAALAGnITY,ljz_20131022_MR_Chym1_ELUTE.mzML.binary.sn11883.txt,0000000000010000
10372,399,2620.175172,1227,1595.77911524,1392.69974224,43.1016666666667,874.399,2620.139,3,AARDSAALAGNITY,AARDSAALAGNITY,2,glycoMod,0,AARDSAALAGNITY,AARDSAALAGnITY,ljz_20131022_MR_Chym1_ELUTE.mzML.binary.sn10372.txt,0000000000010000
11012,400,2563.132648,1170,1595.77911524,1392.69974224,45.0505,1282.5736,2563.117,2,AARDSAALAGNITY,AARDSAALAGNITY,2,glycoMod,0,AARDSAALAGNITY,AARDSAALAGnITY,ljz_20131022_MR_Chym1_ELUTE.mzML.binary.sn11012.txt,0000000000010000
11034,401,2563.134372,1170,1595.77911524,1392.69974224,45.1143333333333,855.3854,2563.117,3,AARDSAALAGNITY,AARDSAALAGNITY,2,glycoMod,0,AARDSAALAGNITY,AARDSAALAGnITY,ljz_20131022_MR_Chym1_ELUTE.mzML.binary.sn11034.txt,0000000000010000
10480,402,2563.127048,1170,1595.77911524,1392.69974224,43.4548333333333,1282.5708,2563.117,2,AARDSAALAGNITY,AARDSAALAGNITY,2,glycoMod,0,AARDSAALAGNITY,AARDSAALAGnITY,ljz_20131022_MR_Chym1_ELUTE.mzML.binary.sn10480.txt,0000000000010000
10580,403,2579.105172,1186,1595.77911524,1392.69974224,43.775,860.709,2579.112,3,AARDSAALAGNITY,AARDSAALAGNITY,2,glycoMod,0,AARDSAALAGNITY,AARDSAALAGnITY,ljz_20131022_MR_Chym1_ELUTE.mzML.binary.sn10580.txt,0000000000010000
11161,405,2563.128372,1170,1595.77911524,1392.69974224,45.501,855.3834,2563.117,3,AARDSAALAGNITY,AARDSAALAGNITY,2,glycoMod,0,AARDSAALAGNITY,AARDSAALAGnITY,ljz_20131022_MR_Chym1_ELUTE.mzML.binary.sn11161.txt,0000000000010000
10707,406,2579.101572,1186,1595.77911524,1392.69974224,44.1388333333333,860.7078,2579.112,3,AARDSAALAGNITY,AARDSAALAGNITY,2,glycoMod,0,AARDSAALAGNITY,AARDSAALAGnITY,ljz_20131022_MR_Chym1_ELUTE.mzML.binary.sn10707.txt,0000000000010000
12154,407,2563.132448,1170,1595.77911524,1392.69974224,48.4636666666667,1282.5735,2563.117,2,AARDSAALAGNITY,AARDSAALAGNITY,2,glycoMod,0,AARDSAALAGNITY,AARDSAALAGnITY,ljz_20131022_MR_Chym1_ELUTE.mzML.binary.sn12154.txt,0000000000010000
10892,409,2563.134848,1170,1595.77911524,1392.69974224,44.7013333333333,1282.5747,2563.117,2,AARDSAALAGNITY,AARDSAALAGNITY,2,glycoMod,0,AARDSAALAGNITY,AARDSAALAGnITY,ljz_20131022_MR_Chym1_ELUTE.mzML.binary.sn10892.txt,0000000000010000
11132,411,2563.123848,1170,1595.77911524,1392.69974224,45.4056666666667,1282.5692,2563.117,2,AARDSAALAGNITY,AARDSAALAGNITY,2,glycoMod,0,AARDSAALAGNITY,AARDSAALAGnITY,ljz_20131022_MR_Chym1_ELUTE.mzML.binary.sn11132.txt,0000000000010000
11644,413,2563.131072,1170,1595.77911524,1392.69974224,46.9025,855.3843,2563.117,3,AARDSAALAGNITY,AARDSAALAGNITY,2,glycoMod,0,AARDSAALAGNITY,AARDSAALAGnITY,ljz_20131022_MR_Chym1_ELUTE.mzML.binary.sn11644.txt,0000000000010000
12044,414,2563.132248,1170,1595.77911524,1392.69974224,48.1111666666667,1282.5734,2563.117,2,AARDSAALAGNITY,AARDSAALAGNITY,2,glycoMod,0,AARDSAALAGNITY,AARDSAALAGnITY,ljz_20131022_MR_Chym1_ELUTE.mzML.binary.sn12044.txt,0000000000010000
10163,421,2539.124772,1065,1676.80057896,1473.72120596,42.5136666666667,847.3822,2539.107,3,SAAVKNNADNLTAW,SAAVKNNADNLTAW,2,glycoMod,0,SAAVKNNADNLTAW,SAAVKNNADnLTAW,ljz_20131022_MR_Chym1_ELUTE.mzML.binary.sn10163.txt,0000000000100000
10598,424,2644.155848,1170,1676.80057896,1473.72120596,43.8241666666667,1323.0852,2644.138,2,SAAVKNNADNLTAW,SAAVKNNADNLTAW,2,glycoMod,0,SAAVKNNADNLTAW,SAAVKNNADnLTAW,ljz_20131022_MR_Chym1_ELUTE.mzML.binary.sn10598.txt,0000000000100000
10581,425,2644.154772,1170,1676.80057896,1473.72120596,43.7775,882.3922,2644.138,3,SAAVKNNADNLTAW,SAAVKNNADNLTAW,2,glycoMod,0,SAAVKNNADNLTAW,SAAVKNNADnLTAW,ljz_20131022_MR_Chym1_ELUTE.mzML.binary.sn10581.txt,0000000000100000
10705,438,2644.154472,1170,1676.80057896,1473.72120596,44.135,882.3921,2644.138,3,SAAVKNNADNLTAW,SAAVKNNADNLTAW,2,glycoMod,0,SAAVKNNADNLTAW,SAAVKNNADnLTAW,ljz_20131022_MR_Chym1_ELUTE.mzML.binary.sn10705.txt,0000000000100000
9275,439,2660.149572,1186,1676.80057896,1473.72120596,39.8766666666667,887.7238,2660.133,3,SAAVKNNADNLTAW,SAAVKNNADNLTAW,2,glycoMod,0,SAAVKNNADNLTAW,SAAVKNNADnLTAW,ljz_20131022_MR_Chym1_ELUTE.mzML.binary.sn9275.txt,0000000000100000
9418,440,2660.150472,1186,1676.80057896,1473.72120596,40.296,887.7241,2660.133,3,SAAVKNNADNLTAW,SAAVKNNADNLTAW,2,glycoMod,0,SAAVKNNADNLTAW,SAAVKNNADnLTAW,ljz_20131022_MR_Chym1_ELUTE.mzML.binary.sn9418.txt,0000000000100000
10721,444,2644.158448,1170,1676.80057896,1473.72120596,44.177,1323.0865,2644.138,2,SAAVKNNADNLTAW,SAAVKNNADNLTAW,2,glycoMod,0,SAAVKNNADNLTAW,SAAVKNNADnLTAW,ljz_20131022_MR_Chym1_ELUTE.mzML.binary.sn10721.txt,0000000000100000
11772,448,1948.862448,203,1948.85379632,1745.77442332,47.2721666666667,975.4385,1948.853,2,NFSNTSQVDPTLSSSY,NFSNTSQVDPTLSSSY,2,glycoMod,0,NFSNTSQVDPTLSSSY,nFSnTSQVDPTLSSSY,ljz_20131022_MR_Chym1_ELUTE.mzML.binary.sn11772.txt,010010000000000000
11391,451,2916.206472,1170,1948.85379632,1745.77442332,46.1628333333333,973.0761,2916.191,3,NFSNTSQVDPTLSSSY,NFSNTSQVDPTLSSSY,2,glycoMod,0,NFSNTSQVDPTLSSSY,nFSnTSQVDPTLSSSY,ljz_20131022_MR_Chym1_ELUTE.mzML.binary.sn11391.txt,010010000000000000
11191,453,3119.286072,1373,1948.85379632,1745.77442332,45.6016666666667,1040.7693,3119.271,3,NFSNTSQVDPTLSSSY,NFSNTSQVDPTLSSSY,2,glycoMod,0,NFSNTSQVDPTLSSSY,nFSnTSQVDPTLSSSY,ljz_20131022_MR_Chym1_ELUTE.mzML.binary.sn11191.txt,010010000000000000
11142,454,3265.343172,1519,1948.85379632,1745.77442332,45.4401666666667,1089.455,3265.329,3,NFSNTSQVDPTLSSSY,NFSNTSQVDPTLSSSY,2,glycoMod,0,NFSNTSQVDPTLSSSY,nFSnTSQVDPTLSSSY,ljz_20131022_MR_Chym1_ELUTE.mzML.binary.sn11142.txt,010010000000000000
9687,455,3025.388248,1170,2058.03416073,1854.95478773,41.153,1513.7014,3025.372,2,QVPSGRRDGNVSLASEAL,QVPSGRRDGNVSLASEAL,2,glycoMod,0,QVPSGRRDGNVSLASEAL,QVPSGRRDGnVSLASEAL,ljz_20131022_MR_Chym1_ELUTE.mzML.binary.sn9687.txt,00000000001000000000
10205,456,3025.386372,1170,2058.03416073,1854.95478773,42.6275,1009.4694,3025.372,3,QVPSGRRDGNVSLASEAL,QVPSGRRDGNVSLASEAL,2,glycoMod,0,QVPSGRRDGNVSLASEAL,QVPSGRRDGnVSLASEAL,ljz_20131022_MR_Chym1_ELUTE.mzML.binary.sn10205.txt,00000000001000000000
9273,457,3025.396272,1170,2058.03416073,1854.95478773,39.8715,1009.4727,3025.372,3,QVPSGRRDGNVSLASEAL,QVPSGRRDGNVSLASEAL,2,glycoMod,0,QVPSGRRDGNVSLASEAL,QVPSGRRDGnVSLASEAL,ljz_20131022_MR_Chym1_ELUTE.mzML.binary.sn9273.txt,00000000001000000000
11657,458,3025.391472,1170,2058.03416073,1854.95478773,46.939,1009.4711,3025.372,3,QVPSGRRDGNVSLASEAL,QVPSGRRDGNVSLASEAL,2,glycoMod,0,QVPSGRRDGNVSLASEAL,QVPSGRRDGnVSLASEAL,ljz_20131022_MR_Chym1_ELUTE.mzML.binary.sn11657.txt,00000000001000000000
9553,459,3025.380072,1170,2058.03416073,1854.95478773,40.659,1009.4673,3025.372,3,QVPSGRRDGNVSLASEAL,QVPSGRRDGNVSLASEAL,2,glycoMod,0,QVPSGRRDGNVSLASEAL,QVPSGRRDGnVSLASEAL,ljz_20131022_MR_Chym1_ELUTE.mzML.binary.sn9553.txt,00000000001000000000
11521,460,3025.384872,1170,2058.03416073,1854.95478773,46.5505,1009.4689,3025.372,3,QVPSGRRDGNVSLASEAL,QVPSGRRDGNVSLASEAL,2,glycoMod,0,QVPSGRRDGNVSLASEAL,QVPSGRRDGnVSLASEAL,ljz_20131022_MR_Chym1_ELUTE.mzML.binary.sn11521.txt,00000000001000000000
10309,461,2863.331172,1008,2058.03416073,1854.95478773,42.9155,955.451,2863.32,3,QVPSGRRDGNVSLASEAL,QVPSGRRDGNVSLASEAL,2,glycoMod,0,QVPSGRRDGNVSLASEAL,QVPSGRRDGnVSLASEAL,ljz_20131022_MR_Chym1_ELUTE.mzML.binary.sn10309.txt,00000000001000000000
9754,462,3025.388896,1170,2058.03416073,1854.95478773,41.3561666666667,757.3545,3025.372,4,QVPSGRRDGNVSLASEAL,QVPSGRRDGNVSLASEAL,2,glycoMod,0,QVPSGRRDGNVSLASEAL,QVPSGRRDGnVSLASEAL,ljz_20131022_MR_Chym1_ELUTE.mzML.binary.sn9754.txt,00000000001000000000
10746,463,3025.392072,1170,2058.03416073,1854.95478773,44.2456666666667,1009.4713,3025.372,3,QVPSGRRDGNVSLASEAL,QVPSGRRDGNVSLASEAL,2,glycoMod,0,QVPSGRRDGNVSLASEAL,QVPSGRRDGnVSLASEAL,ljz_20131022_MR_Chym1_ELUTE.mzML.binary.sn10746.txt,00000000001000000000
10030,464,3025.389072,1170,2058.03416073,1854.95478773,42.1441666666667,1009.4703,3025.372,3,QVPSGRRDGNVSLASEAL,QVPSGRRDGNVSLASEAL,2,glycoMod,0,QVPSGRRDGNVSLASEAL,QVPSGRRDGnVSLASEAL,ljz_20131022_MR_Chym1_ELUTE.mzML.binary.sn10030.txt,00000000001000000000
9612,465,3025.386096,1170,2058.03416073,1854.95478773,40.9143333333333,757.3538,3025.372,4,QVPSGRRDGNVSLASEAL,QVPSGRRDGNVSLASEAL,2,glycoMod,0,QVPSGRRDGNVSLASEAL,QVPSGRRDGnVSLASEAL,ljz_20131022_MR_Chym1_ELUTE.mzML.binary.sn9612.txt,00000000001000000000
10993,466,3025.393872,1170,2058.03416073,1854.95478773,44.9908333333333,1009.4719,3025.372,3,QVPSGRRDGNVSLASEAL,QVPSGRRDGNVSLASEAL,2,glycoMod,0,QVPSGRRDGNVSLASEAL,QVPSGRRDGnVSLASEAL,ljz_20131022_MR_Chym1_ELUTE.mzML.binary.sn10993.txt,00000000001000000000
9604,467,2863.327248,1008,2058.03416073,1854.95478773,40.8795,1432.6709,2863.32,2,QVPSGRRDGNVSLASEAL,QVPSGRRDGNVSLASEAL,2,glycoMod,0,QVPSGRRDGNVSLASEAL,QVPSGRRDGnVSLASEAL,ljz_20131022_MR_Chym1_ELUTE.mzML.binary.sn9604.txt,00000000001000000000
11944,468,3025.390872,1170,2058.03416073,1854.95478773,47.7995,1009.4709,3025.372,3,QVPSGRRDGNVSLASEAL,QVPSGRRDGNVSLASEAL,2,glycoMod,0,QVPSGRRDGNVSLASEAL,QVPSGRRDGnVSLASEAL,ljz_20131022_MR_Chym1_ELUTE.mzML.binary.sn11944.txt,00000000001000000000
10613,469,3025.391172,1170,2058.03416073,1854.95478773,43.8675,1009.471,3025.372,3,QVPSGRRDGNVSLASEAL,QVPSGRRDGNVSLASEAL,2,glycoMod,0,QVPSGRRDGNVSLASEAL,QVPSGRRDGnVSLASEAL,ljz_20131022_MR_Chym1_ELUTE.mzML.binary.sn10613.txt,00000000001000000000
11597,470,2863.330572,1008,2058.03416073,1854.95478773,46.7705,955.4508,2863.32,3,QVPSGRRDGNVSLASEAL,QVPSGRRDGNVSLASEAL,2,glycoMod,0,QVPSGRRDGNVSLASEAL,QVPSGRRDGnVSLASEAL,ljz_20131022_MR_Chym1_ELUTE.mzML.binary.sn11597.txt,00000000001000000000
9649,471,2920.350072,1065,2058.03416073,1854.95478773,41.0291666666667,974.4573,2920.341,3,QVPSGRRDGNVSLASEAL,QVPSGRRDGNVSLASEAL,2,glycoMod,0,QVPSGRRDGNVSLASEAL,QVPSGRRDGnVSLASEAL,ljz_20131022_MR_Chym1_ELUTE.mzML.binary.sn9649.txt,00000000001000000000
11395,472,3025.376172,1170,2058.03416073,1854.95478773,46.1731666666667,1009.466,3025.372,3,QVPSGRRDGNVSLASEAL,QVPSGRRDGNVSLASEAL,2,glycoMod,0,QVPSGRRDGNVSLASEAL,QVPSGRRDGnVSLASEAL,ljz_20131022_MR_Chym1_ELUTE.mzML.binary.sn11395.txt,00000000001000000000
9392,473,2863.334472,1008,2058.03416073,1854.95478773,40.2186666666667,955.4521,2863.32,3,QVPSGRRDGNVSLASEAL,QVPSGRRDGNVSLASEAL,2,glycoMod,0,QVPSGRRDGNVSLASEAL,QVPSGRRDGnVSLASEAL,ljz_20131022_MR_Chym1_ELUTE.mzML.binary.sn9392.txt,00000000001000000000
9603,474,3082.397172,1227,2058.03416073,1854.95478773,40.8775,1028.473,3082.394,3,QVPSGRRDGNVSLASEAL,QVPSGRRDGNVSLASEAL,2,glycoMod,0,QVPSGRRDGNVSLASEAL,QVPSGRRDGnVSLASEAL,ljz_20131022_MR_Chym1_ELUTE.mzML.binary.sn9603.txt,00000000001000000000
9667,475,3025.382772,1170,2058.03416073,1854.95478773,41.0926666666667,1009.4682,3025.372,3,QVPSGRRDGNVSLASEAL,QVPSGRRDGNVSLASEAL,2,glycoMod,0,QVPSGRRDGNVSLASEAL,QVPSGRRDGnVSLASEAL,ljz_20131022_MR_Chym1_ELUTE.mzML.binary.sn9667.txt,00000000001000000000
9625,476,2863.329372,1008,2058.03416073,1854.95478773,40.9563333333333,955.4504,2863.32,3,QVPSGRRDGNVSLASEAL,QVPSGRRDGNVSLASEAL,2,glycoMod,0,QVPSGRRDGNVSLASEAL,QVPSGRRDGnVSLASEAL,ljz_20131022_MR_Chym1_ELUTE.mzML.binary.sn9625.txt,00000000001000000000
10005,477,2863.336572,1008,2058.03416073,1854.95478773,42.0748333333333,955.4528,2863.32,3,QVPSGRRDGNVSLASEAL,QVPSGRRDGNVSLASEAL,2,glycoMod,0,QVPSGRRDGNVSLASEAL,QVPSGRRDGnVSLASEAL,ljz_20131022_MR_Chym1_ELUTE.mzML.binary.sn10005.txt,00000000001000000000
10472,478,3025.383972,1170,2058.03416073,1854.95478773,43.4296666666667,1009.4686,3025.372,3,QVPSGRRDGNVSLASEAL,QVPSGRRDGNVSLASEAL,2,glycoMod,0,QVPSGRRDGNVSLASEAL,QVPSGRRDGnVSLASEAL,ljz_20131022_MR_Chym1_ELUTE.mzML.binary.sn10472.txt,00000000001000000000
11764,479,2863.333872,1008,2058.03416073,1854.95478773,47.2471666666667,955.4519,2863.32,3,QVPSGRRDGNVSLASEAL,QVPSGRRDGNVSLASEAL,2,glycoMod,0,QVPSGRRDGNVSLASEAL,QVPSGRRDGnVSLASEAL,ljz_20131022_MR_Chym1_ELUTE.mzML.binary.sn11764.txt,00000000001000000000
9852,480,2863.335972,1008,2058.03416073,1854.95478773,41.6566666666667,955.4526,2863.32,3,QVPSGRRDGNVSLASEAL,QVPSGRRDGNVSLASEAL,2,glycoMod,0,QVPSGRRDGNVSLASEAL,QVPSGRRDGnVSLASEAL,ljz_20131022_MR_Chym1_ELUTE.mzML.binary.sn9852.txt,00000000001000000000
9736,481,2863.331172,1008,2058.03416073,1854.95478773,41.2988333333333,955.451,2863.32,3,QVPSGRRDGNVSLASEAL,QVPSGRRDGNVSLASEAL,2,glycoMod,0,QVPSGRRDGNVSLASEAL,QVPSGRRDGnVSLASEAL,ljz_20131022_MR_Chym1_ELUTE.mzML.binary.sn9736.txt,00000000001000000000
11141,482,3025.381572,1170,2058.03416073,1854.95478773,45.4376666666667,1009.4678,3025.372,3,QVPSGRRDGNVSLASEAL,QVPSGRRDGNVSLASEAL,2,glycoMod,0,QVPSGRRDGNVSLASEAL,QVPSGRRDGnVSLASEAL,ljz_20131022_MR_Chym1_ELUTE.mzML.binary.sn11141.txt,00000000001000000000
9779,483,3025.383672,1170,2058.03416073,1854.95478773,41.44,1009.4685,3025.372,3,QVPSGRRDGNVSLASEAL,QVPSGRRDGNVSLASEAL,2,glycoMod,0,QVPSGRRDGNVSLASEAL,QVPSGRRDGnVSLASEAL,ljz_20131022_MR_Chym1_ELUTE.mzML.binary.sn9779.txt,00000000001000000000
10739,485,2863.342572,1008,2058.03416073,1854.95478773,44.2253333333333,955.4548,2863.32,3,QVPSGRRDGNVSLASEAL,QVPSGRRDGNVSLASEAL,2,glycoMod,0,QVPSGRRDGNVSLASEAL,QVPSGRRDGnVSLASEAL,ljz_20131022_MR_Chym1_ELUTE.mzML.binary.sn10739.txt,00000000001000000000
9903,486,3025.390872,1170,2058.03416073,1854.95478773,41.7963333333333,1009.4709,3025.372,3,QVPSGRRDGNVSLASEAL,QVPSGRRDGNVSLASEAL,2,glycoMod,0,QVPSGRRDGNVSLASEAL,QVPSGRRDGnVSLASEAL,ljz_20131022_MR_Chym1_ELUTE.mzML.binary.sn9903.txt,00000000001000000000
9515,487,3593.609172,1738,2058.03416073,1854.95478773,40.5606666666667,1198.877,3593.584,3,QVPSGRRDGNVSLASEAL,QVPSGRRDGNVSLASEAL,2,glycoMod,0,QVPSGRRDGNVSLASEAL,QVPSGRRDGnVSLASEAL,ljz_20131022_MR_Chym1_ELUTE.mzML.binary.sn9515.txt,00000000001000000000
11040,488,2863.344072,1008,2058.03416073,1854.95478773,45.1311666666667,955.4553,2863.32,3,QVPSGRRDGNVSLASEAL,QVPSGRRDGNVSLASEAL,2,glycoMod,0,QVPSGRRDGNVSLASEAL,QVPSGRRDGnVSLASEAL,ljz_20131022_MR_Chym1_ELUTE.mzML.binary.sn11040.txt,00000000001000000000
9525,489,3228.464172,1373,2058.03416073,1854.95478773,40.5875,1077.162,3228.452,3,QVPSGRRDGNVSLASEAL,QVPSGRRDGNVSLASEAL,2,glycoMod,0,QVPSGRRDGNVSLASEAL,QVPSGRRDGnVSLASEAL,ljz_20131022_MR_Chym1_ELUTE.mzML.binary.sn9525.txt,00000000001000000000
9385,490,3041.382972,1186,2058.03416073,1854.95478773,40.1991666666667,1014.8016,3041.367,3,QVPSGRRDGNVSLASEAL,QVPSGRRDGNVSLASEAL,2,glycoMod,0,QVPSGRRDGNVSLASEAL,QVPSGRRDGnVSLASEAL,ljz_20131022_MR_Chym1_ELUTE.mzML.binary.sn9385.txt,00000000001000000000
9735,491,2893.334172,1038,2058.03416073,1854.95478773,41.2975,965.452,2893.33,3,QVPSGRRDGNVSLASEAL,QVPSGRRDGNVSLASEAL,2,glycoMod,0,QVPSGRRDGNVSLASEAL,QVPSGRRDGnVSLASEAL,ljz_20131022_MR_Chym1_ELUTE.mzML.binary.sn9735.txt,00000000001000000000
9884,492,2701.287672,846,2058.03416073,1854.95478773,41.7425,901.4365,2701.267,3,QVPSGRRDGNVSLASEAL,QVPSGRRDGNVSLASEAL,2,glycoMod,0,QVPSGRRDGNVSLASEAL,QVPSGRRDGnVSLASEAL,ljz_20131022_MR_Chym1_ELUTE.mzML.binary.sn9884.txt,00000000001000000000
9998,494,2407.182372,552,2058.03416073,1854.95478773,42.0555,803.4014,2407.172,3,QVPSGRRDGNVSLASEAL,QVPSGRRDGNVSLASEAL,2,glycoMod,0,QVPSGRRDGNVSLASEAL,QVPSGRRDGnVSLASEAL,ljz_20131022_MR_Chym1_ELUTE.mzML.binary.sn9998.txt,00000000001000000000
9387,495,4047.776772,2192,2058.03416073,1854.95478773,40.2056666666667,1350.2662,4047.753,3,QVPSGRRDGNVSLASEAL,QVPSGRRDGNVSLASEAL,2,glycoMod,0,QVPSGRRDGNVSLASEAL,QVPSGRRDGnVSLASEAL,ljz_20131022_MR_Chym1_ELUTE.mzML.binary.sn9387.txt,00000000001000000000
10858,497,3025.385772,1170,2058.03416073,1854.95478773,44.5975,1009.4692,3025.372,3,QVPSGRRDGNVSLASEAL,QVPSGRRDGNVSLASEAL,2,glycoMod,0,QVPSGRRDGNVSLASEAL,QVPSGRRDGnVSLASEAL,ljz_20131022_MR_Chym1_ELUTE.mzML.binary.sn10858.txt,00000000001000000000
9518,499,3390.528972,1535,2058.03416073,1854.95478773,40.5685,1131.1836,3390.505,3,QVPSGRRDGNVSLASEAL,QVPSGRRDGNVSLASEAL,2,glycoMod,0,QVPSGRRDGNVSLASEAL,QVPSGRRDGnVSLASEAL,ljz_20131022_MR_Chym1_ELUTE.mzML.binary.sn9518.txt,00000000001000000000
9886,500,2920.355772,1065,2058.03416073,1854.95478773,41.7476666666667,974.4592,2920.341,3,QVPSGRRDGNVSLASEAL,QVPSGRRDGNVSLASEAL,2,glycoMod,0,QVPSGRRDGNVSLASEAL,QVPSGRRDGnVSLASEAL,ljz_20131022_MR_Chym1_ELUTE.mzML.binary.sn9886.txt,00000000001000000000
10058,501,2058.049248,203,2058.03416073,1854.95478773,42.2231666666667,1030.0319,2058.034,2,QVPSGRRDGNVSLASEAL,QVPSGRRDGNVSLASEAL,2,glycoMod,0,QVPSGRRDGNVSLASEAL,QVPSGRRDGnVSLASEAL,ljz_20131022_MR_Chym1_ELUTE.mzML.binary.sn10058.txt,00000000001000000000
9758,503,2920.354272,1065,2058.03416073,1854.95478773,41.3713333333333,974.4587,2920.341,3,QVPSGRRDGNVSLASEAL,QVPSGRRDGNVSLASEAL,2,glycoMod,0,QVPSGRRDGNVSLASEAL,QVPSGRRDGnVSLASEAL,ljz_20131022_MR_Chym1_ELUTE.mzML.binary.sn9758.txt,00000000001000000000
9853,504,2407.184772,552,2058.03416073,1854.95478773,41.6585,803.4022,2407.172,3,QVPSGRRDGNVSLASEAL,QVPSGRRDGNVSLASEAL,2,glycoMod,0,QVPSGRRDGNVSLASEAL,QVPSGRRDGnVSLASEAL,ljz_20131022_MR_Chym1_ELUTE.mzML.binary.sn9853.txt,00000000001000000000
9727,505,3082.405872,1227,2058.03416073,1854.95478773,41.2756666666667,1028.4759,3082.394,3,QVPSGRRDGNVSLASEAL,QVPSGRRDGNVSLASEAL,2,glycoMod,0,QVPSGRRDGNVSLASEAL,QVPSGRRDGnVSLASEAL,ljz_20131022_MR_Chym1_ELUTE.mzML.binary.sn9727.txt,00000000001000000000
9421,506,3901.715772,2046,2058.03416073,1854.95478773,40.305,1301.5792,3901.695,3,QVPSGRRDGNVSLASEAL,QVPSGRRDGNVSLASEAL,2,glycoMod,0,QVPSGRRDGNVSLASEAL,QVPSGRRDGnVSLASEAL,ljz_20131022_MR_Chym1_ELUTE.mzML.binary.sn9421.txt,00000000001000000000
10101,507,2058.045372,203,2058.03416073,1854.95478773,42.3205,687.0224,2058.034,3,QVPSGRRDGNVSLASEAL,QVPSGRRDGNVSLASEAL,2,glycoMod,0,QVPSGRRDGNVSLASEAL,QVPSGRRDGnVSLASEAL,ljz_20131022_MR_Chym1_ELUTE.mzML.binary.sn10101.txt,00000000001000000000
9710,508,2701.277172,846,2058.03416073,1854.95478773,41.2195,901.433,2701.267,3,QVPSGRRDGNVSLASEAL,QVPSGRRDGNVSLASEAL,2,glycoMod,0,QVPSGRRDGNVSLASEAL,QVPSGRRDGnVSLASEAL,ljz_20131022_MR_Chym1_ELUTE.mzML.binary.sn9710.txt,00000000001000000000
9968,510,2058.044772,203,2058.03416073,1854.95478773,41.9725,687.0222,2058.034,3,QVPSGRRDGNVSLASEAL,QVPSGRRDGNVSLASEAL,2,glycoMod,0,QVPSGRRDGNVSLASEAL,QVPSGRRDGnVSLASEAL,ljz_20131022_MR_Chym1_ELUTE.mzML.binary.sn9968.txt,00000000001000000000
8101,511,2888.234848,1008,2082.94877639,1879.86940339,36.312,1445.1247,2888.234,2,TGTQGEIRTNCSVVNSAS,TGTQGEIRTNCSVVNSAS,2,glycoMod,0,TGTQGEIRTNCSVVNSAS,TGTQGEIRTnCSVVNSAS,ljz_20131022_MR_Chym1_ELUTE.mzML.binary.sn8101.txt,00000000001000000000
7972,512,3050.295372,1170,2082.94877639,1879.86940339,35.927,1017.7724,3050.286,3,TGTQGEIRTNCSVVNSAS,TGTQGEIRTNCSVVNSAS,2,glycoMod,0,TGTQGEIRTNCSVVNSAS,TGTQGEIRTnCSVVNSAS,ljz_20131022_MR_Chym1_ELUTE.mzML.binary.sn7972.txt,00000000001000000000
7843,513,3050.293872,1170,2082.94877639,1879.86940339,35.5531666666667,1017.7719,3050.286,3,TGTQGEIRTNCSVVNSAS,TGTQGEIRTNCSVVNSAS,2,glycoMod,0,TGTQGEIRTNCSVVNSAS,TGTQGEIRTnCSVVNSAS,ljz_20131022_MR_Chym1_ELUTE.mzML.binary.sn7843.txt,00000000001000000000
8154,514,3050.297448,1170,2082.94877639,1879.86940339,36.4696666666667,1526.156,3050.286,2,TGTQGEIRTNCSVVNSAS,TGTQGEIRTNCSVVNSAS,2,glycoMod,0,TGTQGEIRTNCSVVNSAS,TGTQGEIRTnCSVVNSAS,ljz_20131022_MR_Chym1_ELUTE.mzML.binary.sn8154.txt,00000000001000000000
9268,515,3050.308572,1170,2082.94877639,1879.86940339,39.8573333333333,1017.7768,3050.286,3,TGTQGEIRTNCSVVNSAS,TGTQGEIRTNCSVVNSAS,2,glycoMod,0,TGTQGEIRTNCSVVNSAS,TGTQGEIRTnCSVVNSAS,ljz_20131022_MR_Chym1_ELUTE.mzML.binary.sn9268.txt,00000000001000000000
8211,516,3050.295972,1170,2082.94877639,1879.86940339,36.6423333333333,1017.7726,3050.286,3,TGTQGEIRTNCSVVNSAS,TGTQGEIRTNCSVVNSAS,2,glycoMod,0,TGTQGEIRTNCSVVNSAS,TGTQGEIRTnCSVVNSAS,ljz_20131022_MR_Chym1_ELUTE.mzML.binary.sn8211.txt,00000000001000000000
8089,517,3050.300172,1170,2082.94877639,1879.86940339,36.2765,1017.774,3050.286,3,TGTQGEIRTNCSVVNSAS,TGTQGEIRTNCSVVNSAS,2,glycoMod,0,TGTQGEIRTNCSVVNSAS,TGTQGEIRTnCSVVNSAS,ljz_20131022_MR_Chym1_ELUTE.mzML.binary.sn8089.txt,00000000001000000000
8560,519,3050.297472,1170,2082.94877639,1879.86940339,37.6791666666667,1017.7731,3050.286,3,TGTQGEIRTNCSVVNSAS,TGTQGEIRTNCSVVNSAS,2,glycoMod,0,TGTQGEIRTNCSVVNSAS,TGTQGEIRTnCSVVNSAS,ljz_20131022_MR_Chym1_ELUTE.mzML.binary.sn8560.txt,00000000001000000000
8087,520,3212.348848,1332,2082.94877639,1879.86940339,36.2701666666667,1607.1817,3212.339,2,TGTQGEIRTNCSVVNSAS,TGTQGEIRTNCSVVNSAS,2,glycoMod,0,TGTQGEIRTNCSVVNSAS,TGTQGEIRTnCSVVNSAS,ljz_20131022_MR_Chym1_ELUTE.mzML.binary.sn8087.txt,00000000001000000000
7955,522,3212.352972,1332,2082.94877639,1879.86940339,35.8835,1071.7916,3212.339,3,TGTQGEIRTNCSVVNSAS,TGTQGEIRTNCSVVNSAS,2,glycoMod,0,TGTQGEIRTNCSVVNSAS,TGTQGEIRTnCSVVNSAS,ljz_20131022_MR_Chym1_ELUTE.mzML.binary.sn7955.txt,00000000001000000000
8074,523,3212.350872,1332,2082.94877639,1879.86940339,36.2226666666667,1071.7909,3212.339,3,TGTQGEIRTNCSVVNSAS,TGTQGEIRTNCSVVNSAS,2,glycoMod,0,TGTQGEIRTNCSVVNSAS,TGTQGEIRTnCSVVNSAS,ljz_20131022_MR_Chym1_ELUTE.mzML.binary.sn8074.txt,00000000001000000000
8153,525,2904.240072,1024,2082.94877639,1879.86940339,36.467,969.0873,2904.229,3,TGTQGEIRTNCSVVNSAS,TGTQGEIRTNCSVVNSAS,2,glycoMod,0,TGTQGEIRTNCSVVNSAS,TGTQGEIRTnCSVVNSAS,ljz_20131022_MR_Chym1_ELUTE.mzML.binary.sn8153.txt,00000000001000000000
8105,526,3107.323272,1227,2082.94877639,1879.86940339,36.3236666666667,1036.7817,3107.308,3,TGTQGEIRTNCSVVNSAS,TGTQGEIRTNCSVVNSAS,2,glycoMod,0,TGTQGEIRTNCSVVNSAS,TGTQGEIRTnCSVVNSAS,ljz_20131022_MR_Chym1_ELUTE.mzML.binary.sn8105.txt,00000000001000000000
8377,528,3050.306772,1170,2082.94877639,1879.86940339,37.0946666666667,1017.7762,3050.286,3,TGTQGEIRTNCSVVNSAS,TGTQGEIRTNCSVVNSAS,2,glycoMod,0,TGTQGEIRTNCSVVNSAS,TGTQGEIRTnCSVVNSAS,ljz_20131022_MR_Chym1_ELUTE.mzML.binary.sn8377.txt,00000000001000000000
7455,530,3066.300372,1186,2082.94877639,1879.86940339,34.4358333333333,1023.1074,3066.281,3,TGTQGEIRTNCSVVNSAS,TGTQGEIRTNCSVVNSAS,2,glycoMod,0,TGTQGEIRTNCSVVNSAS,TGTQGEIRTnCSVVNSAS,ljz_20131022_MR_Chym1_ELUTE.mzML.binary.sn7455.txt,00000000001000000000
8026,531,3050.301848,1170,2082.94877639,1879.86940339,36.0761666666667,1526.1582,3050.286,2,TGTQGEIRTNCSVVNSAS,TGTQGEIRTNCSVVNSAS,2,glycoMod,0,TGTQGEIRTNCSVVNSAS,TGTQGEIRTnCSVVNSAS,ljz_20131022_MR_Chym1_ELUTE.mzML.binary.sn8026.txt,00000000001000000000
8080,532,2888.248272,1008,2082.94877639,1879.86940339,36.2463333333333,963.7567,2888.234,3,TGTQGEIRTNCSVVNSAS,TGTQGEIRTNCSVVNSAS,2,glycoMod,0,TGTQGEIRTNCSVVNSAS,TGTQGEIRTnCSVVNSAS,ljz_20131022_MR_Chym1_ELUTE.mzML.binary.sn8080.txt,00000000001000000000
8081,533,3269.376672,1389,2082.94877639,1879.86940339,36.249,1090.7995,3269.361,3,TGTQGEIRTNCSVVNSAS,TGTQGEIRTNCSVVNSAS,2,glycoMod,0,TGTQGEIRTNCSVVNSAS,TGTQGEIRTnCSVVNSAS,ljz_20131022_MR_Chym1_ELUTE.mzML.binary.sn8081.txt,00000000001000000000
7993,537,3253.385772,1373,2082.94877639,1879.86940339,35.9875,1085.4692,3253.366,3,TGTQGEIRTNCSVVNSAS,TGTQGEIRTNCSVVNSAS,2,glycoMod,0,TGTQGEIRTNCSVVNSAS,TGTQGEIRTnCSVVNSAS,ljz_20131022_MR_Chym1_ELUTE.mzML.binary.sn7993.txt,00000000001000000000
7944,540,3374.410572,1494,2082.94877639,1879.86940339,35.8475,1125.8108,3374.392,3,TGTQGEIRTNCSVVNSAS,TGTQGEIRTNCSVVNSAS,2,glycoMod,0,TGTQGEIRTNCSVVNSAS,TGTQGEIRTnCSVVNSAS,ljz_20131022_MR_Chym1_ELUTE.mzML.binary.sn7944.txt,00000000001000000000
7981,542,3374.406848,1494,2082.94877639,1879.86940339,35.9516666666667,1688.2107,3374.392,2,TGTQGEIRTNCSVVNSAS,TGTQGEIRTNCSVVNSAS,2,glycoMod,0,TGTQGEIRTNCSVVNSAS,TGTQGEIRTnCSVVNSAS,ljz_20131022_MR_Chym1_ELUTE.mzML.binary.sn7981.txt,00000000001000000000
8004,543,3618.524772,1738,2082.94877639,1879.86940339,36.0185,1207.1822,3618.498,3,TGTQGEIRTNCSVVNSAS,TGTQGEIRTNCSVVNSAS,2,glycoMod,0,TGTQGEIRTNCSVVNSAS,TGTQGEIRTnCSVVNSAS,ljz_20131022_MR_Chym1_ELUTE.mzML.binary.sn8004.txt,00000000001000000000
8348,545,3212.347872,1332,2082.94877639,1879.86940339,37.0181666666667,1071.7899,3212.339,3,TGTQGEIRTNCSVVNSAS,TGTQGEIRTNCSVVNSAS,2,glycoMod,0,TGTQGEIRTNCSVVNSAS,TGTQGEIRTnCSVVNSAS,ljz_20131022_MR_Chym1_ELUTE.mzML.binary.sn8348.txt,00000000001000000000
8213,550,3212.330772,1332,2082.94877639,1879.86940339,36.6476666666667,1071.7842,3212.339,3,TGTQGEIRTNCSVVNSAS,TGTQGEIRTNCSVVNSAS,2,glycoMod,0,TGTQGEIRTNCSVVNSAS,TGTQGEIRTnCSVVNSAS,ljz_20131022_MR_Chym1_ELUTE.mzML.binary.sn8213.txt,00000000001000000000
11930,551,2605.240872,203,2605.2256029,2402.1462299,47.7526666666667,869.4209,2605.225,3,LDSTANNTAEKDAAPNNPSLRGF,LDSTANNTAEKDAAPNNPSLRGF,2,glycoMod,0,LDSTANNTAEKDAAPNNPSLRGF,LDSTAnNTAEKDAAPNNPSLRGF,ljz_20131022_MR_Chym1_ELUTE.mzML.binary.sn11930.txt,0000001000000000000000000
10356,552,2605.238448,203,2605.2256029,2402.1462299,43.0541666666667,1303.6265,2605.225,2,LDSTANNTAEKDAAPNNPSLRGF,LDSTANNTAEKDAAPNNPSLRGF,2,glycoMod,0,LDSTANNTAEKDAAPNNPSLRGF,LDSTAnNTAEKDAAPNNPSLRGF,ljz_20131022_MR_Chym1_ELUTE.mzML.binary.sn10356.txt,0000001000000000000000000
12353,553,2605.236072,203,2605.2256029,2402.1462299,49.128,869.4193,2605.225,3,LDSTANNTAEKDAAPNNPSLRGF,LDSTANNTAEKDAAPNNPSLRGF,2,glycoMod,0,LDSTANNTAEKDAAPNNPSLRGF,LDSTAnNTAEKDAAPNNPSLRGF,ljz_20131022_MR_Chym1_ELUTE.mzML.binary.sn12353.txt,0000001000000000000000000
11791,554,2605.227372,203,2605.2256029,2402.1462299,47.3238333333333,869.4164,2605.225,3,LDSTANNTAEKDAAPNNPSLRGF,LDSTANNTAEKDAAPNNPSLRGF,2,glycoMod,0,LDSTANNTAEKDAAPNNPSLRGF,LDSTAnNTAEKDAAPNNPSLRGF,ljz_20131022_MR_Chym1_ELUTE.mzML.binary.sn11791.txt,0000001000000000000000000
10151,555,3572.579772,1170,2605.2256029,2402.1462299,42.4751666666667,1191.8672,3572.563,3,LDSTANNTAEKDAAPNNPSLRGF,LDSTANNTAEKDAAPNNPSLRGF,2,glycoMod,0,LDSTANNTAEKDAAPNNPSLRGF,LDSTAnNTAEKDAAPNNPSLRGF,ljz_20131022_MR_Chym1_ELUTE.mzML.binary.sn10151.txt,0000001000000000000000000
10437,556,2605.238472,203,2605.2256029,2402.1462299,43.3076666666667,869.4201,2605.225,3,LDSTANNTAEKDAAPNNPSLRGF,LDSTANNTAEKDAAPNNPSLRGF,2,glycoMod,0,LDSTANNTAEKDAAPNNPSLRGF,LDSTAnNTAEKDAAPNNPSLRGF,ljz_20131022_MR_Chym1_ELUTE.mzML.binary.sn10437.txt,0000001000000000000000000
10322,557,2605.236072,203,2605.2256029,2402.1462299,42.9575,869.4193,2605.225,3,LDSTANNTAEKDAAPNNPSLRGF,LDSTANNTAEKDAAPNNPSLRGF,2,glycoMod,0,LDSTANNTAEKDAAPNNPSLRGF,LDSTAnNTAEKDAAPNNPSLRGF,ljz_20131022_MR_Chym1_ELUTE.mzML.binary.sn10322.txt,0000001000000000000000000
11122,558,2605.235472,203,2605.2256029,2402.1462299,45.3736666666667,869.4191,2605.225,3,LDSTANNTAEKDAAPNNPSLRGF,LDSTANNTAEKDAAPNNPSLRGF,2,glycoMod,0,LDSTANNTAEKDAAPNNPSLRGF,LDSTAnNTAEKDAAPNNPSLRGF,ljz_20131022_MR_Chym1_ELUTE.mzML.binary.sn11122.txt,0000001000000000000000000
11001,559,2605.243572,203,2605.2256029,2402.1462299,45.0158333333333,869.4218,2605.225,3,LDSTANNTAEKDAAPNNPSLRGF,LDSTANNTAEKDAAPNNPSLRGF,2,glycoMod,0,LDSTANNTAEKDAAPNNPSLRGF,LDSTAnNTAEKDAAPNNPSLRGF,ljz_20131022_MR_Chym1_ELUTE.mzML.binary.sn11001.txt,0000001000000000000000000
11282,560,3734.608096,1332,2605.2256029,2402.1462299,45.8595,934.6593,3734.616,4,LDSTANNTAEKDAAPNNPSLRGF,LDSTANNTAEKDAAPNNPSLRGF,2,glycoMod,0,LDSTANNTAEKDAAPNNPSLRGF,LDSTAnNTAEKDAAPNNPSLRGF,ljz_20131022_MR_Chym1_ELUTE.mzML.binary.sn11282.txt,0000001000000000000000000
11668,562,2605.238172,203,2605.2256029,2402.1462299,46.9686666666667,869.42,2605.225,3,LDSTANNTAEKDAAPNNPSLRGF,LDSTANNTAEKDAAPNNPSLRGF,2,glycoMod,0,LDSTANNTAEKDAAPNNPSLRGF,LDSTAnNTAEKDAAPNNPSLRGF,ljz_20131022_MR_Chym1_ELUTE.mzML.binary.sn11668.txt,0000001000000000000000000
10026,563,3572.584272,1170,2605.2256029,2402.1462299,42.1331666666667,1191.8687,3572.563,3,LDSTANNTAEKDAAPNNPSLRGF,LDSTANNTAEKDAAPNNPSLRGF,2,glycoMod,0,LDSTANNTAEKDAAPNNPSLRGF,LDSTAnNTAEKDAAPNNPSLRGF,ljz_20131022_MR_Chym1_ELUTE.mzML.binary.sn10026.txt,0000001000000000000000000
10174,564,3410.527296,1008,2605.2256029,2402.1462299,42.544,853.6391,3410.511,4,LDSTANNTAEKDAAPNNPSLRGF,LDSTANNTAEKDAAPNNPSLRGF,2,glycoMod,0,LDSTANNTAEKDAAPNNPSLRGF,LDSTAnNTAEKDAAPNNPSLRGF,ljz_20131022_MR_Chym1_ELUTE.mzML.binary.sn10174.txt,0000001000000000000000000
10050,565,3410.527296,1008,2605.2256029,2402.1462299,42.2025,853.6391,3410.511,4,LDSTANNTAEKDAAPNNPSLRGF,LDSTANNTAEKDAAPNNPSLRGF,2,glycoMod,0,LDSTANNTAEKDAAPNNPSLRGF,LDSTAnNTAEKDAAPNNPSLRGF,ljz_20131022_MR_Chym1_ELUTE.mzML.binary.sn10050.txt,0000001000000000000000000
10355,566,2605.237696,203,2605.2256029,2402.1462299,43.0523333333333,652.3167,2605.225,4,LDSTANNTAEKDAAPNNPSLRGF,LDSTANNTAEKDAAPNNPSLRGF,2,glycoMod,0,LDSTANNTAEKDAAPNNPSLRGF,LDSTAnNTAEKDAAPNNPSLRGF,ljz_20131022_MR_Chym1_ELUTE.mzML.binary.sn10355.txt,0000001000000000000000000
10031,567,3467.551572,1065,2605.2256029,2402.1462299,42.1468333333333,1156.8578,3467.532,3,LDSTANNTAEKDAAPNNPSLRGF,LDSTANNTAEKDAAPNNPSLRGF,2,glycoMod,0,LDSTANNTAEKDAAPNNPSLRGF,LDSTAnNTAEKDAAPNNPSLRGF,ljz_20131022_MR_Chym1_ELUTE.mzML.binary.sn10031.txt,0000001000000000000000000
10170,568,3467.548872,1065,2605.2256029,2402.1462299,42.5323333333333,1156.8569,3467.532,3,LDSTANNTAEKDAAPNNPSLRGF,LDSTANNTAEKDAAPNNPSLRGF,2,glycoMod,0,LDSTANNTAEKDAAPNNPSLRGF,LDSTAnNTAEKDAAPNNPSLRGF,ljz_20131022_MR_Chym1_ELUTE.mzML.binary.sn10170.txt,0000001000000000000000000
12055,569,2605.244172,203,2605.2256029,2402.1462299,48.147,869.422,2605.225,3,LDSTANNTAEKDAAPNNPSLRGF,LDSTANNTAEKDAAPNNPSLRGF,2,glycoMod,0,LDSTANNTAEKDAAPNNPSLRGF,LDSTAnNTAEKDAAPNNPSLRGF,ljz_20131022_MR_Chym1_ELUTE.mzML.binary.sn12055.txt,0000001000000000000000000
10875,570,2605.237872,203,2605.2256029,2402.1462299,44.649,869.4199,2605.225,3,LDSTANNTAEKDAAPNNPSLRGF,LDSTANNTAEKDAAPNNPSLRGF,2,glycoMod,0,LDSTANNTAEKDAAPNNPSLRGF,LDSTAnNTAEKDAAPNNPSLRGF,ljz_20131022_MR_Chym1_ELUTE.mzML.binary.sn10875.txt,0000001000000000000000000
10631,571,3410.527872,1008,2605.2256029,2402.1462299,43.9153333333333,1137.8499,3410.511,3,LDSTANNTAEKDAAPNNPSLRGF,LDSTANNTAEKDAAPNNPSLRGF,2,glycoMod,0,LDSTANNTAEKDAAPNNPSLRGF,LDSTAnNTAEKDAAPNNPSLRGF,ljz_20131022_MR_Chym1_ELUTE.mzML.binary.sn10631.txt,0000001000000000000000000
12450,572,2605.238772,203,2605.2256029,2402.1462299,49.466,869.4202,2605.225,3,LDSTANNTAEKDAAPNNPSLRGF,LDSTANNTAEKDAAPNNPSLRGF,2,glycoMod,0,LDSTANNTAEKDAAPNNPSLRGF,LDSTAnNTAEKDAAPNNPSLRGF,ljz_20131022_MR_Chym1_ELUTE.mzML.binary.sn12450.txt,0000001000000000000000000
11260,573,2605.236972,203,2605.2256029,2402.1462299,45.8008333333333,869.4196,2605.225,3,LDSTANNTAEKDAAPNNPSLRGF,LDSTANNTAEKDAAPNNPSLRGF,2,glycoMod,0,LDSTANNTAEKDAAPNNPSLRGF,LDSTAnNTAEKDAAPNNPSLRGF,ljz_20131022_MR_Chym1_ELUTE.mzML.binary.sn11260.txt,0000001000000000000000000
10764,574,2605.244172,203,2605.2256029,2402.1462299,44.2963333333333,869.422,2605.225,3,LDSTANNTAEKDAAPNNPSLRGF,LDSTANNTAEKDAAPNNPSLRGF,2,glycoMod,0,LDSTANNTAEKDAAPNNPSLRGF,LDSTAnNTAEKDAAPNNPSLRGF,ljz_20131022_MR_Chym1_ELUTE.mzML.binary.sn10764.txt,0000001000000000000000000
10129,575,3572.580496,1170,2605.2256029,2402.1462299,42.394,894.1524,3572.563,4,LDSTANNTAEKDAAPNNPSLRGF,LDSTANNTAEKDAAPNNPSLRGF,2,glycoMod,0,LDSTANNTAEKDAAPNNPSLRGF,LDSTAnNTAEKDAAPNNPSLRGF,ljz_20131022_MR_Chym1_ELUTE.mzML.binary.sn10129.txt,0000001000000000000000000
10125,576,3410.525472,1008,2605.2256029,2402.1462299,42.3836666666667,1137.8491,3410.511,3,LDSTANNTAEKDAAPNNPSLRGF,LDSTANNTAEKDAAPNNPSLRGF,2,glycoMod,0,LDSTANNTAEKDAAPNNPSLRGF,LDSTAnNTAEKDAAPNNPSLRGF,ljz_20131022_MR_Chym1_ELUTE.mzML.binary.sn10125.txt,0000001000000000000000000
11545,577,2605.242672,203,2605.2256029,2402.1462299,46.6188333333333,869.4215,2605.225,3,LDSTANNTAEKDAAPNNPSLRGF,LDSTANNTAEKDAAPNNPSLRGF,2,glycoMod,0,LDSTANNTAEKDAAPNNPSLRGF,LDSTAnNTAEKDAAPNNPSLRGF,ljz_20131022_MR_Chym1_ELUTE.mzML.binary.sn11545.txt,0000001000000000000000000
10463,578,2605.238096,203,2605.2256029,2402.1462299,43.3955,652.3168,2605.225,4,LDSTANNTAEKDAAPNNPSLRGF,LDSTANNTAEKDAAPNNPSLRGF,2,glycoMod,0,LDSTANNTAEKDAAPNNPSLRGF,LDSTAnNTAEKDAAPNNPSLRGF,ljz_20131022_MR_Chym1_ELUTE.mzML.binary.sn10463.txt,0000001000000000000000000
10244,579,3410.528172,1008,2605.2256029,2402.1462299,42.7291666666667,1137.85,3410.511,3,LDSTANNTAEKDAAPNNPSLRGF,LDSTANNTAEKDAAPNNPSLRGF,2,glycoMod,0,LDSTANNTAEKDAAPNNPSLRGF,LDSTAnNTAEKDAAPNNPSLRGF,ljz_20131022_MR_Chym1_ELUTE.mzML.binary.sn10244.txt,0000001000000000000000000
12225,580,2605.238472,203,2605.2256029,2402.1462299,48.6838333333333,869.4201,2605.225,3,LDSTANNTAEKDAAPNNPSLRGF,LDSTANNTAEKDAAPNNPSLRGF,2,glycoMod,0,LDSTANNTAEKDAAPNNPSLRGF,LDSTAnNTAEKDAAPNNPSLRGF,ljz_20131022_MR_Chym1_ELUTE.mzML.binary.sn12225.txt,0000001000000000000000000
10227,581,2954.374572,552,2605.2256029,2402.1462299,42.6828333333333,985.7988,2954.363,3,LDSTANNTAEKDAAPNNPSLRGF,LDSTANNTAEKDAAPNNPSLRGF,2,glycoMod,0,LDSTANNTAEKDAAPNNPSLRGF,LDSTAnNTAEKDAAPNNPSLRGF,ljz_20131022_MR_Chym1_ELUTE.mzML.binary.sn10227.txt,0000001000000000000000000
10470,582,2605.237448,203,2605.2256029,2402.1462299,43.4245,1303.626,2605.225,2,LDSTANNTAEKDAAPNNPSLRGF,LDSTANNTAEKDAAPNNPSLRGF,2,glycoMod,0,LDSTANNTAEKDAAPNNPSLRGF,LDSTAnNTAEKDAAPNNPSLRGF,ljz_20131022_MR_Chym1_ELUTE.mzML.binary.sn10470.txt,0000001000000000000000000
10136,584,3410.526648,1008,2605.2256029,2402.1462299,42.417,1706.2706,3410.511,2,LDSTANNTAEKDAAPNNPSLRGF,LDSTANNTAEKDAAPNNPSLRGF,2,glycoMod,0,LDSTANNTAEKDAAPNNPSLRGF,LDSTAnNTAEKDAAPNNPSLRGF,ljz_20131022_MR_Chym1_ELUTE.mzML.binary.sn10136.txt,0000001000000000000000000
9996,585,3572.584496,1170,2605.2256029,2402.1462299,42.0503333333333,894.1534,3572.563,4,LDSTANNTAEKDAAPNNPSLRGF,LDSTANNTAEKDAAPNNPSLRGF,2,glycoMod,0,LDSTANNTAEKDAAPNNPSLRGF,LDSTAnNTAEKDAAPNNPSLRGF,ljz_20131022_MR_Chym1_ELUTE.mzML.binary.sn9996.txt,0000001000000000000000000
10301,587,2808.317172,406,2605.2256029,2402.1462299,42.8933333333333,937.113,2808.305,3,LDSTANNTAEKDAAPNNPSLRGF,LDSTANNTAEKDAAPNNPSLRGF,2,glycoMod,0,LDSTANNTAEKDAAPNNPSLRGF,LDSTAnNTAEKDAAPNNPSLRGF,ljz_20131022_MR_Chym1_ELUTE.mzML.binary.sn10301.txt,0000001000000000000000000
9991,588,3410.532672,1008,2605.2256029,2402.1462299,42.036,1137.8515,3410.511,3,LDSTANNTAEKDAAPNNPSLRGF,LDSTANNTAEKDAAPNNPSLRGF,2,glycoMod,0,LDSTANNTAEKDAAPNNPSLRGF,LDSTAnNTAEKDAAPNNPSLRGF,ljz_20131022_MR_Chym1_ELUTE.mzML.binary.sn9991.txt,0000001000000000000000000
10078,589,3629.600772,1227,2605.2256029,2402.1462299,42.2698333333333,1210.8742,3629.585,3,LDSTANNTAEKDAAPNNPSLRGF,LDSTANNTAEKDAAPNNPSLRGF,2,glycoMod,0,LDSTANNTAEKDAAPNNPSLRGF,LDSTAnNTAEKDAAPNNPSLRGF,ljz_20131022_MR_Chym1_ELUTE.mzML.binary.sn10078.txt,0000001000000000000000000
